UIC,Parent_UIC,Stationsnavn,Forkortelse,Region nr,Region navn,Kommune nr,Kommune navn,FjernRegional,Stog,KystKastrup,Arriva,Metro,Privatbane,Letbane,Border,Øst,Vest,H-omr,Lukket,Planlagt station,LTM_ID,LTM_ID_1,LTM_ID_S,LTM_ID_M,LTM_ID_LB,LTM_ID_PB,OTM_ID,OTM_ID_1,OTM_ID_S,OTM_ID_LB,X-koordinat,Y-koordinat
8690999,,Høvelte,0,1084,Hovedstaden,0,0,0,1,0,0,0,0,0,0,0,1,0,1,0,0,0,0,0,0,0,0,0,0,0,0,0
8690803,8600803,Køge,Kj,1085,Sjælland,259,Køge,1,1,0,0,0,1,0,0,1,0,1,0,0,8600803,0,1108600803,0,0,1208600803,0,0,0,0,0,0
8690798,,Høje Taastrup,Htå,1084,Hovedstaden,169,Høje-Taastrup,1,1,0,0,0,0,0,0,1,0,1,0,0,8600798,0,1108600798,0,0,0,0,0,0,0,0,0
8690792,,Ølby,Ølb,1085,Sjælland,259,Køge,0,1,0,0,0,0,0,0,1,0,1,0,0,8600792,0,1108600792,0,0,0,0,0,0,0,0,0
8690740,,KB Hallen,Kbn,1084,Hovedstaden,101,København,0,1,0,0,0,0,0,0,1,0,1,0,0,8600740,0,0,0,0,0,0,0,0,0,0,0
8690736,8600736,Flintholm,Fl,1084,Hovedstaden,147,Frederiksberg,0,1,0,0,1,0,0,0,1,0,1,0,0,8600736,0,1108600736,0,0,0,0,0,0,0,0,0
8690703,8600703,Vanløse,Van,1084,Hovedstaden,101,København,0,1,0,0,1,0,0,0,1,0,1,0,0,8600703,0,0,0,0,0,0,0,0,0,0,0
8690683,,Hillerød,Hi,1084,Hovedstaden,219,Hillerød,0,1,0,0,0,1,0,0,1,0,1,0,0,8600683,1208600683,1218600683,0,0,1228600683,0,0,0,0,0,0
8690674,,Jægersborg,Jæt,1084,Hovedstaden,157,Gentofte,0,1,0,0,0,1,0,0,1,0,1,0,0,8600674,0,0,0,0,1208600674,0,0,0,0,0,0
8690659,8600659,Klampenborg,Kl,1084,Hovedstaden,157,Gentofte,0,1,1,0,0,0,0,0,1,0,1,0,0,8600659,0,1108600659,0,0,0,0,0,0,0,0,0
8690655,8600655,Hellerup,Hl,1084,Hovedstaden,101,København,0,1,1,0,0,0,0,0,1,0,1,0,0,8600655,1108600655,1118600655,0,0,0,0,0,0,0,0,0
8690653,,Nordhavn,Nht,1084,Hovedstaden,101,København,0,1,0,0,1,0,0,0,1,0,1,0,0,8600653,0,0,8603438,0,0,0,0,0,0,0,0
8690650,8600650,Østerport,Kk,1084,Hovedstaden,101,København,1,1,1,0,1,0,0,0,1,0,1,0,0,8600650,0,1108600650,8603426,0,0,0,0,0,0,0,0
8690646,8600646,Nørreport,Kn,1084,Hovedstaden,101,København,1,1,1,0,1,0,0,0,1,0,1,0,0,8600646,0,1108600646,0,0,0,0,0,0,0,0,0
8690626,8600626,København H,Kh,1084,Hovedstaden,101,København,1,1,1,0,1,0,0,0,1,0,1,0,0,8600626,0,1108600626,8603421,0,0,0,0,0,0,0,0
8690624,,Valby,Val,1084,Hovedstaden,101,København,1,1,0,0,0,0,0,0,1,0,1,0,0,8600624,0,1108600624,0,0,0,0,0,0,0,0,0
8690622,,Glostrup,Gl,1084,Hovedstaden,161,Glostrup,0,1,0,0,0,0,0,0,1,0,1,0,0,8600622,0,1108600622,0,8606150,0,0,0,0,0,0,0
8609020,,Vinge,0,1084,Hovedstaden,250,Frederikssund,0,1,0,0,0,0,0,0,1,0,1,0,1,8609020,0,0,0,0,0,0,0,0,0,0,0
8609018,,Jerne,0,1083,Syddanmark,561,Esbjerg,1,0,0,0,0,0,0,0,0,1,0,0,1,8609018,0,0,0,0,0,0,0,0,0,0,0
8609014,,Kalundborg Ø,0,1085,Sjælland,326,Kalundborg,1,0,0,0,0,0,0,0,1,0,0,0,0,8609014,0,0,0,0,0,0,0,0,0,0,0
8609006,,Aalborg Lufthavn,0,1081,Nordjylland,851,Aalborg,1,0,0,0,0,0,0,0,0,1,0,0,1,8609006,0,0,0,0,0,0,0,0,0,0,0
8609004,,Favrholm,0,1084,Hovedstaden,219,Hillerød,0,1,0,0,0,1,0,0,1,0,1,0,1,8609004,0,0,0,0,1208609004,0,0,0,0,0,0
8609003,,Gødstrup,0,1082,Midtjylland,657,Herning,1,0,0,0,0,0,0,0,0,1,0,0,1,8609003,0,0,0,0,0,0,0,0,0,0,0
8609002,,Lolland Syd,0,1085,Sjælland,360,Lolland,1,0,0,0,0,0,0,0,1,0,0,0,1,8609002,0,0,0,0,0,0,0,0,0,0,0
8609001,,Køge Nord,0,1085,Sjælland,259,Køge,1,0,0,0,0,0,0,0,1,0,0,0,1,8609001,0,1108609001,0,0,0,0,0,0,0,0,0
8608029,,Lille-Skensved,Lw,1085,Sjælland,259,Køge,0,0,0,0,0,1,0,0,1,0,1,0,0,0,0,0,0,0,0,0,0,0,0,0,0
8605958,8600504,Ejby,Eb,1083,Syddanmark,410,Middelfart,1,0,0,0,0,0,0,0,0,1,0,0,0,8600504,8605958,0,0,0,0,0,0,0,0,0,0
8604831,,Sprogøvej,0,1082,Midtjylland,665,Lemvig,0,0,0,0,0,1,0,0,0,1,0,0,0,8604831,0,0,0,0,0,0,0,0,0,0,0
8604829,,Vrist,0,1082,Midtjylland,665,Lemvig,0,0,0,0,0,1,0,0,0,1,0,0,0,8604829,0,0,0,0,0,0,0,0,0,0,0
8604828,,Victoria Street Station,0,1082,Midtjylland,665,Lemvig,0,0,0,0,0,1,0,0,0,1,0,0,0,8604828,0,0,0,0,0,0,0,0,0,0,0
8604825,,Thyborøn,0,1082,Midtjylland,665,Lemvig,0,0,0,0,0,1,0,0,0,1,0,0,0,8604825,0,0,0,0,0,0,0,0,0,0,0
8604824,,Thyborøn Kirke,0,1082,Midtjylland,665,Lemvig,0,0,0,0,0,1,0,0,0,1,0,0,0,8604824,0,0,0,0,0,0,0,0,0,0,0
8604823,,Strande,0,1082,Midtjylland,665,Lemvig,0,0,0,0,0,1,0,0,0,1,0,0,0,8604823,0,0,0,0,0,0,0,0,0,0,0
8604822,,Sinkbæk,0,1082,Midtjylland,665,Lemvig,0,0,0,0,0,1,0,0,0,1,0,0,0,8604822,0,0,0,0,0,0,0,0,0,0,0
8604821,,Rønland,0,1082,Midtjylland,665,Lemvig,0,0,0,0,0,1,0,0,0,1,0,0,0,8604821,0,0,0,0,0,0,0,0,0,0,0
8604819,,Ramme,0,1082,Midtjylland,665,Lemvig,0,0,0,0,0,1,0,0,0,1,0,0,0,8604819,0,0,0,0,0,0,0,0,0,0,0
8604818,,Nejrup,0,1082,Midtjylland,665,Lemvig,0,0,0,0,0,1,0,0,0,1,0,0,0,8604818,0,0,0,0,0,0,0,0,0,0,0
8604817,,Lemvig,0,1082,Midtjylland,665,Lemvig,0,0,0,0,0,1,0,0,0,1,0,0,0,8604817,0,0,0,0,0,0,0,0,0,0,0
8604815,,Klinkby,0,1082,Midtjylland,665,Lemvig,0,0,0,0,0,1,0,0,0,1,0,0,0,8604815,0,0,0,0,0,0,0,0,0,0,0
8604814,,Armose,0,1082,Midtjylland,665,Lemvig,0,0,0,0,0,1,0,0,0,1,0,0,0,8604814,0,0,0,0,0,0,0,0,0,0,0
8604813,,Harboøre,0,1082,Midtjylland,665,Lemvig,0,0,0,0,0,1,0,0,0,1,0,0,0,8604813,0,0,0,0,0,0,0,0,0,0,0
8604811,,Fåre,0,1082,Midtjylland,665,Lemvig,0,0,0,0,0,1,0,0,0,1,0,0,0,8604811,0,0,0,0,0,0,0,0,0,0,0
8604807,,Bækmarksbro,0,1082,Midtjylland,665,Lemvig,0,0,0,0,0,1,0,0,0,1,0,0,0,8604807,0,0,0,0,0,0,0,0,0,0,0
8604805,,Bonnet,0,1082,Midtjylland,665,Lemvig,0,0,0,0,0,1,0,0,0,1,0,0,0,8604805,0,0,0,0,0,0,0,0,0,0,0
8604803,,Balleby,0,1082,Midtjylland,665,Lemvig,0,0,0,0,0,1,0,0,0,1,0,0,0,8604803,0,0,0,0,0,0,0,0,0,0,0
8604801,,Amstrup,0,1082,Midtjylland,665,Lemvig,0,0,0,0,0,1,0,0,0,1,0,0,0,8604801,0,0,0,0,0,0,0,0,0,0,0
8604739,,Vrøgum,0,1083,Syddanmark,573,Varde,0,0,0,1,0,1,0,0,0,1,0,0,0,8604739,0,0,0,0,0,0,0,0,0,0,0
8604736,,Baunhøj,0,1083,Syddanmark,573,Varde,0,0,0,1,0,1,0,0,0,1,0,0,0,8604736,0,0,0,0,0,0,0,0,0,0,0
8604735,,Varde Vest,0,1083,Syddanmark,573,Varde,0,0,0,1,0,1,0,0,0,1,0,0,0,8604735,0,0,0,0,0,0,0,0,0,0,0
8604727,,Outrup,0,1083,Syddanmark,573,Varde,0,0,0,1,0,1,0,0,0,1,0,0,0,8604727,0,0,0,0,0,0,0,0,0,0,0
8604726,,Oksbøl,0,1083,Syddanmark,573,Varde,0,0,0,1,0,1,0,0,0,1,0,0,0,8604726,0,0,0,0,0,0,0,0,0,0,0
8604725,,Nørre Nebel,0,1083,Syddanmark,573,Varde,0,0,0,1,0,1,0,0,0,1,0,0,0,8604725,0,0,0,0,0,0,0,0,0,0,0
8604720,,Løftgård,0,1083,Syddanmark,573,Varde,0,0,0,1,0,1,0,0,0,1,0,0,0,8604720,0,0,0,0,0,0,0,0,0,0,0
8604719,,Lunde J,0,1083,Syddanmark,573,Varde,0,0,0,1,0,1,0,0,0,1,0,0,0,8604719,0,0,0,0,0,0,0,0,0,0,0
8604718,,Jegum,0,1083,Syddanmark,573,Varde,0,0,0,1,0,1,0,0,0,1,0,0,0,8604718,0,0,0,0,0,0,0,0,0,0,0
8604717,,Janderup,0,1083,Syddanmark,573,Varde,0,0,0,1,0,1,0,0,0,1,0,0,0,8604717,0,0,0,0,0,0,0,0,0,0,0
8604715,,Hyllerslev,0,1083,Syddanmark,573,Varde,0,0,0,1,0,1,0,0,0,1,0,0,0,8604715,0,0,0,0,0,0,0,0,0,0,0
8604711,,Henne,0,1083,Syddanmark,573,Varde,0,0,0,1,0,1,0,0,0,1,0,0,0,8604711,0,0,0,0,0,0,0,0,0,0,0
8604706,,Frisvadvej,0,1083,Syddanmark,573,Varde,0,0,0,1,0,1,0,0,0,1,0,0,0,8604706,0,0,0,0,0,0,0,0,0,0,0
8604704,,Dyreby,0,1083,Syddanmark,573,Varde,0,0,0,1,0,1,0,0,0,1,0,0,0,8604704,0,0,0,0,0,0,0,0,0,0,0
8604702,,Boulevarden,0,1083,Syddanmark,573,Varde,0,0,0,1,0,1,0,0,0,1,0,0,0,8604702,0,0,0,0,0,0,0,0,0,0,0
8604701,,Billum,0,1083,Syddanmark,573,Varde,0,0,0,1,0,1,0,0,0,1,0,0,0,8604701,0,0,0,0,0,0,0,0,0,0,0
8604119,,Ålbæk,0,1081,Nordjylland,813,Frederikshavn,0,0,0,0,0,1,0,0,0,1,0,0,0,8604119,0,0,0,0,0,0,0,0,0,0,0
8604117,,Strandby (Frederikshavn),0,1081,Nordjylland,813,Frederikshavn,0,0,0,0,0,1,0,0,0,1,0,0,0,8604117,0,0,0,0,0,0,0,0,0,0,0
8604115,,Skagen,0,1081,Nordjylland,813,Frederikshavn,0,0,0,0,0,1,0,0,0,1,0,0,0,8604115,0,0,0,0,0,0,0,0,0,0,0
8604113,,Rimmen,0,1081,Nordjylland,813,Frederikshavn,0,0,0,0,0,1,0,0,0,1,0,0,0,8604113,0,0,0,0,0,0,0,0,0,0,0
8604111,,Napstjært,0,1081,Nordjylland,813,Frederikshavn,0,0,0,0,0,1,0,0,0,1,0,0,0,8604111,0,0,0,0,0,0,0,0,0,0,0
8604109,,Jerup,0,1081,Nordjylland,813,Frederikshavn,0,0,0,0,0,1,0,0,0,1,0,0,0,8604109,0,0,0,0,0,0,0,0,0,0,0
8604105,,Hulsig,0,1081,Nordjylland,813,Frederikshavn,0,0,0,0,0,1,0,0,0,1,0,0,0,8604105,0,0,0,0,0,0,0,0,0,0,0
8604103,,Frederikshavnsvej,0,1081,Nordjylland,813,Frederikshavn,0,0,0,0,0,1,0,0,0,1,0,0,0,8604103,0,0,0,0,0,0,0,0,0,0,0
8604102,,Bunken,0,1081,Nordjylland,813,Frederikshavn,0,0,0,0,0,1,0,0,0,1,0,0,0,8604102,0,0,0,0,0,0,0,0,0,0,0
8603565,,Vig,0,1085,Sjælland,306,Odsherred,0,0,0,0,0,1,0,0,1,0,0,0,0,8603565,0,0,0,0,0,0,0,0,0,0,0
8603559,,Svinninge,0,1085,Sjælland,316,Holbæk,0,0,0,0,0,1,0,0,1,0,0,0,0,8603559,0,0,0,0,0,0,0,0,0,0,0
8603557,,Stenhus,0,1085,Sjælland,316,Holbæk,0,0,0,0,0,1,0,0,1,0,0,0,0,8603557,0,0,0,0,0,0,0,0,0,0,0
8603555,,Sommerland Sj,0,1085,Sjælland,306,Odsherred,0,0,0,0,0,1,0,0,1,0,0,0,0,8603555,0,0,0,0,0,0,0,0,0,0,0
8603550,,Nyled,0,1085,Sjælland,306,Odsherred,0,0,0,0,0,1,0,0,1,0,0,0,0,8603550,0,0,0,0,0,0,0,0,0,0,0
8603547,,Nr. Asmindrup,0,1085,Sjælland,306,Odsherred,0,0,0,0,0,1,0,0,1,0,0,0,0,8603547,0,0,0,0,0,0,0,0,0,0,0
8603545,,Nykøbing Sj,0,1085,Sjælland,306,Odsherred,0,0,0,0,0,1,0,0,1,0,0,0,0,8603545,0,0,0,0,0,0,0,0,0,0,0
8603543,,Ny Hagested,0,1085,Sjælland,316,Holbæk,0,0,0,0,0,1,0,0,1,0,0,0,0,8603543,0,0,0,0,0,0,0,0,0,0,0
8603527,,Hørve,0,1085,Sjælland,306,Odsherred,0,0,0,0,0,1,0,0,1,0,0,0,0,8603527,0,0,0,0,0,0,0,0,0,0,0
8603525,,Højby Sj,0,1085,Sjælland,306,Odsherred,0,0,0,0,0,1,0,0,1,0,0,0,0,8603525,0,0,0,0,0,0,0,0,0,0,0
8603517,,Grevinge,0,1085,Sjælland,306,Odsherred,0,0,0,0,0,1,0,0,1,0,0,0,0,8603517,0,0,0,0,0,0,0,0,0,0,0
8603515,,Gislinge,0,1085,Sjælland,316,Holbæk,0,0,0,0,0,1,0,0,1,0,0,0,0,8603515,0,0,0,0,0,0,0,0,0,0,0
8603513,,Fårevejle,0,1085,Sjælland,306,Odsherred,0,0,0,0,0,1,0,0,1,0,0,0,0,8603513,0,0,0,0,0,0,0,0,0,0,0
8603505,,Asnæs,0,1085,Sjælland,306,Odsherred,0,0,0,0,0,1,0,0,1,0,0,0,0,8603505,0,0,0,0,0,0,0,0,0,0,0
8603393,,Mozarts Plads,0,1084,Hovedstaden,101,København,0,0,0,0,1,0,0,0,1,0,1,0,1,8603393,0,0,0,0,0,0,0,0,0,0,0
8603392,,Sluseholmen,0,1084,Hovedstaden,101,København,0,0,0,0,1,0,0,0,1,0,1,0,1,8603392,0,0,0,0,0,0,0,0,0,0,0
8603391,,Enghave Brygge,0,1084,Hovedstaden,101,København,0,0,0,0,1,0,0,0,1,0,1,0,1,8603391,0,0,0,0,0,0,0,0,0,0,0
8603390,,Havneholmen,0,1084,Hovedstaden,101,København,0,0,0,0,1,0,0,0,1,0,1,0,1,8603390,0,0,0,0,0,0,0,0,0,0,0
8603345,,Orientkaj,0,1084,Hovedstaden,101,København,0,0,0,0,1,0,0,0,1,0,1,0,1,8603345,0,0,0,0,0,0,0,0,0,0,0
8603344,,Enghave Plads,0,1084,Hovedstaden,101,København,0,0,0,0,1,0,0,0,1,0,1,0,1,8603344,0,0,0,0,0,0,0,0,0,0,0
8603343,,Frederiksberg Alle,0,1084,Hovedstaden,147,Frederiksberg,0,0,0,0,1,0,0,0,1,0,1,0,1,8603343,0,0,0,0,0,0,0,0,0,0,0
8603342,,Aksel Møllers Have,0,1084,Hovedstaden,147,Frederiksberg,0,0,0,0,1,0,0,0,1,0,1,0,1,8603342,0,0,0,0,0,0,0,0,0,0,0
8603341,,Nuuks Plads,0,1084,Hovedstaden,101,København,0,0,0,0,1,0,0,0,1,0,1,0,1,8603341,0,0,0,0,0,0,0,0,0,0,0
8603340,,Nørrebros Runddel,0,1084,Hovedstaden,101,København,0,0,0,0,1,0,0,0,1,0,1,0,1,8603340,0,0,0,0,0,0,0,0,0,0,0
8603339,8600642,Nørrebro,Nø,1084,Hovedstaden,101,København,0,1,0,0,1,0,0,0,1,0,1,0,0,8600642,0,0,8603431,0,0,0,0,0,0,0,0
8603338,,Skjolds Plads,0,1084,Hovedstaden,101,København,0,0,0,0,1,0,0,0,1,0,1,0,1,8603338,0,0,0,0,0,0,0,0,0,0,0
8603337,,Vibenshus Runddel,0,1084,Hovedstaden,101,København,0,0,0,0,1,0,0,0,1,0,1,0,1,8603337,0,0,0,0,0,0,0,0,0,0,0
8603336,,Poul Henningsens Plads,0,1084,Hovedstaden,101,København,0,0,0,0,1,0,0,0,1,0,1,0,1,8603336,0,0,0,0,0,0,0,0,0,0,0
8603335,,Trianglen,0,1084,Hovedstaden,101,København,0,0,0,0,1,0,0,0,1,0,1,0,1,8603335,0,0,0,0,0,0,0,0,0,0,0
8603334,8600650,Østerport,Kk,1084,Hovedstaden,101,København,1,1,1,0,1,0,0,0,1,0,1,0,0,8600650,0,1108600650,8603426,0,0,0,0,0,0,0,0
8603333,,Marmorkirken,0,1084,Hovedstaden,101,København,0,0,0,0,1,0,0,0,1,0,1,0,1,8603333,0,0,0,0,0,0,0,0,0,0,0
8603332,,Gammel Strand,0,1084,Hovedstaden,101,København,0,0,0,0,1,0,0,0,1,0,1,0,1,8603332,0,0,0,0,0,0,0,0,0,0,0
8603331,,Rådhuspladsen,0,1084,Hovedstaden,101,København,0,0,0,0,1,0,0,0,1,0,1,0,1,8603331,0,0,0,0,0,0,0,0,0,0,0
8603330,8600626,København H,Kh,1084,Hovedstaden,101,København,1,1,1,0,1,0,0,0,1,0,1,0,0,8600626,0,1108600626,8603421,0,0,0,0,0,0,0,0
8603328,8600858,Københavns Lufthavn,Cph,1084,Hovedstaden,185,Tårnby,0,0,1,0,1,0,0,0,1,0,1,0,0,8600858,0,0,0,0,0,0,0,0,0,0,0
8603327,,Kastrup,0,1084,Hovedstaden,185,Tårnby,0,0,0,0,1,0,0,0,1,0,1,0,0,8603327,0,0,0,0,0,0,0,0,0,0,0
8603326,,Femøren,0,1084,Hovedstaden,101,København,0,0,0,0,1,0,0,0,1,0,1,0,0,8603326,0,0,0,0,0,0,0,0,0,0,0
8603324,,Amager Strand,0,1084,Hovedstaden,101,København,0,0,0,0,1,0,0,0,1,0,1,0,0,8603324,0,0,0,0,0,0,0,0,0,0,0
8603323,,Øresund,0,1084,Hovedstaden,101,København,0,0,0,0,1,0,0,0,1,0,1,0,0,8603323,0,0,0,0,0,0,0,0,0,0,0
8603322,,Lergravsparken,0,1084,Hovedstaden,101,København,0,0,0,0,1,0,0,0,1,0,1,0,0,8603322,0,0,0,0,0,0,0,0,0,0,0
8603321,,Amagerbro,0,1084,Hovedstaden,101,København,0,0,0,0,1,0,0,0,1,0,1,0,0,8603321,0,0,0,0,0,0,0,0,0,0,0
8603317,,Vestamager,0,1084,Hovedstaden,101,København,0,0,0,0,1,0,0,0,1,0,1,0,0,8603317,0,0,0,0,0,0,0,0,0,0,0
8603315,8600856,Ørestad,Øre,1084,Hovedstaden,101,København,0,0,1,0,1,0,0,0,1,0,1,0,0,8600856,0,0,0,0,0,0,0,0,0,0,0
8603313,,Bella Center,0,1084,Hovedstaden,101,København,0,0,0,0,1,0,0,0,1,0,1,0,0,8603313,0,0,0,0,0,0,0,0,0,0,0
8603312,,Sundby,0,1084,Hovedstaden,101,København,0,0,0,0,1,0,0,0,1,0,1,0,0,8603312,0,0,0,0,0,0,0,0,0,0,0
8603311,,DR Byen,0,1084,Hovedstaden,101,København,0,0,0,0,1,0,0,0,1,0,1,0,0,8603311,0,0,0,0,0,0,0,0,0,0,0
8603310,,Islands Brygge,0,1084,Hovedstaden,101,København,0,0,0,0,1,0,0,0,1,0,1,0,0,8603310,0,0,0,0,0,0,0,0,0,0,0
8603309,,Christianshavn,0,1084,Hovedstaden,101,København,0,0,0,0,1,0,0,0,1,0,1,0,0,8603309,0,0,0,0,0,0,0,0,0,0,0
8603308,,Kongens Nytorv,0,1084,Hovedstaden,101,København,0,0,0,0,1,0,0,0,1,0,1,0,0,8603308,0,0,0,0,0,0,0,0,0,0,0
8603307,8600646,Nørreport,Kn,1084,Hovedstaden,101,København,1,1,1,0,1,0,0,0,1,0,1,0,0,8600646,0,1108600646,0,0,0,0,0,0,0,0,0
8603306,,Forum,0,1084,Hovedstaden,147,Frederiksberg,0,0,0,0,1,0,0,0,1,0,1,0,0,8603306,0,0,0,0,0,0,0,0,0,0,0
8603305,,Frederiksberg,0,1084,Hovedstaden,147,Frederiksberg,0,0,0,0,1,0,0,0,1,0,1,0,0,8603305,0,0,0,0,0,0,0,0,0,0,0
8603304,,Fasanvej,0,1084,Hovedstaden,147,Frederiksberg,0,0,0,0,1,0,0,0,1,0,1,0,0,8603304,0,0,0,0,0,0,0,0,0,0,0
8603303,,Lindevang,0,1084,Hovedstaden,147,Frederiksberg,0,0,0,0,1,0,0,0,1,0,1,0,0,8603303,0,0,0,0,0,0,0,0,0,0,0
8603302,8600736,Flintholm,Fl,1084,Hovedstaden,147,Frederiksberg,0,1,0,0,1,0,0,0,1,0,1,0,0,8600736,0,1108600736,0,0,0,0,0,0,0,0,0
8603301,8600703,Vanløse,Van,1084,Hovedstaden,101,København,0,1,0,0,1,0,0,0,1,0,1,0,0,8600703,0,0,0,0,0,0,0,0,0,0,0
8603013,,Ørholm,0,1084,Hovedstaden,173,Lyngby-Taarbæk,0,0,0,0,0,1,0,0,1,0,1,0,0,8603013,0,0,0,0,0,0,0,0,0,0,0
8603011,,Ravnholm,0,1084,Hovedstaden,173,Lyngby-Taarbæk,0,0,0,0,0,1,0,0,1,0,1,0,0,8603011,0,0,0,0,0,0,0,0,0,0,0
8603010,,Nørgaardsvej,0,1084,Hovedstaden,751,Lyngby-Taarbæk,0,0,0,0,0,1,0,0,1,0,1,0,0,8603010,0,0,0,0,0,0,0,0,0,0,0
8603009,,Nærum,0,1084,Hovedstaden,230,Rudersdal,0,0,0,0,0,1,0,0,1,0,1,0,0,8603009,0,0,0,0,0,0,0,0,0,0,0
8603007,,Lyngby Lokal,0,1084,Hovedstaden,173,Lyngby-Taarbæk,0,0,0,0,0,1,0,0,1,0,1,0,0,8603007,0,0,0,0,0,0,0,0,0,0,0
8603003,,Fuglevad,0,1084,Hovedstaden,173,Lyngby-Taarbæk,0,0,0,0,0,1,0,0,1,0,1,0,0,8603003,0,0,0,0,0,0,0,0,0,0,0
8603001,,Brede,0,1084,Hovedstaden,173,Lyngby-Taarbæk,0,0,0,0,0,1,0,0,1,0,1,0,0,8603001,0,0,0,0,0,0,0,0,0,0,0
8602653,,Øster Toreby,ØTO,1085,Sjælland,376,Guldborgsund,0,0,0,0,0,1,0,0,1,0,0,0,0,0,0,0,0,0,0,0,0,0,0,0,0
8602645,,Søllested,0,1085,Sjælland,360,Lolland,0,0,0,0,0,1,0,0,0,1,0,0,0,8602645,0,0,0,0,0,0,0,0,0,0,0
8602641,,Sakskøbing,0,1085,Sjælland,376,Guldborgsund,0,0,0,0,0,1,0,0,0,1,0,0,0,8602641,0,0,0,0,0,0,0,0,0,0,0
8602635,,Ryde,0,1085,Sjælland,360,Lolland,0,0,0,0,0,1,0,0,0,1,0,0,0,8602635,0,0,0,0,0,0,0,0,0,0,0
8602623,,Nakskov,0,1085,Sjælland,360,Lolland,0,0,0,0,0,1,0,0,0,1,0,0,0,8602623,0,0,0,0,0,0,0,0,0,0,0
8602619,,Maribo,0,1085,Sjælland,360,Lolland,0,0,0,0,0,1,0,0,0,1,0,0,0,8602619,0,0,0,0,0,0,0,0,0,0,0
8602605,,Grænge,0,1085,Sjælland,376,Guldborgsund,0,0,0,0,0,1,0,0,0,1,0,0,0,8602605,0,0,0,0,0,0,0,0,0,0,0
8602604,,Øster Toreby,0,1085,Sjælland,376,Guldborgsund,0,0,0,0,0,1,0,0,0,1,0,0,0,8602604,0,0,0,0,0,0,0,0,0,0,0
8602601,,Avnede,0,1085,Sjælland,360,Lolland,0,0,0,0,0,1,0,0,0,1,0,0,0,8602601,0,0,0,0,0,0,0,0,0,0,0
8602523,,Vedde,0,1085,Sjælland,340,Sorø,0,0,0,0,0,1,0,0,0,1,0,0,0,8602523,0,0,0,0,0,0,0,0,0,0,0
8602519,,St. Merløse,0,1085,Sjælland,316,Holbæk,0,0,0,0,0,1,0,0,0,1,0,0,0,8602519,0,0,0,0,0,0,0,0,0,0,0
8602517,,Stenlille,0,1085,Sjælland,340,Sorø,0,0,0,0,0,1,0,0,0,1,0,0,0,8602517,0,0,0,0,0,0,0,0,0,0,0
8602515,,Skellebjerg,0,1085,Sjælland,340,Sorø,0,0,0,0,0,1,0,0,0,1,0,0,0,8602515,0,0,0,0,0,0,0,0,0,0,0
8602513,,Ruds Vedby,0,1085,Sjælland,340,Sorø,0,0,0,0,0,1,0,0,0,1,0,0,0,8602513,0,0,0,1608602513,0,0,0,0,0,0,0
8602509,,Nyrup,0,1085,Sjælland,340,Sorø,0,0,0,0,0,1,0,0,0,1,0,0,0,8602509,0,0,0,0,0,0,0,0,0,0,0
8602506,,Bagmarken,0,1085,Sjælland,316,Holbæk,0,0,0,0,0,1,0,0,0,1,0,0,0,8602506,0,0,0,0,0,0,0,0,0,0,0
8602505,,Kr. Eskilstrup,0,1085,Sjælland,316,Holbæk,0,0,0,0,0,1,0,0,0,1,0,0,0,8602505,0,0,0,0,0,0,0,0,0,0,0
8602503,,Høng,0,1085,Sjælland,326,Kalundborg,0,0,0,0,0,1,0,0,0,1,0,0,0,8602503,0,0,0,0,0,0,0,0,0,0,0
8602501,,Dianalund,0,1085,Sjælland,340,Sorø,0,0,0,0,0,1,0,0,0,1,0,0,0,8602501,0,0,0,0,0,0,0,0,0,0,0
8601843,,Vidstrup,0,1081,Nordjylland,860,Hjørring,0,0,0,0,0,1,0,0,0,1,0,0,0,8601843,0,0,0,0,0,0,0,0,0,0,0
8601842,,Vellingshøj,0,1081,Nordjylland,860,Hjørring,0,0,0,0,0,1,0,0,0,1,0,0,0,8601842,0,0,0,0,0,0,0,0,0,0,0
8601839,,Tornby,0,1081,Nordjylland,860,Hjørring,0,0,0,0,0,1,0,0,0,1,0,0,0,8601839,0,0,0,0,0,0,0,0,0,0,0
8601836,,Teglgårdsvej,0,1081,Nordjylland,860,Hjørring,0,0,0,0,0,1,0,0,0,1,0,0,0,8601836,0,0,0,0,0,0,0,0,0,0,0
8601834,,Sønderby,0,1081,Nordjylland,860,Hjørring,0,0,0,0,0,1,0,0,0,1,0,0,0,8601834,0,0,0,0,0,0,0,0,0,0,0
8601824,,Lilleheden,0,1081,Nordjylland,860,Hjørring,0,0,0,0,0,1,0,0,0,1,0,0,0,8601824,0,0,0,0,0,0,0,0,0,0,0
8601819,,Kvægtorvet,0,1081,Nordjylland,860,Hjørring,0,0,0,0,0,1,0,0,0,1,0,0,0,8601819,0,0,0,0,0,0,0,0,0,0,0
8601813,,Horne,0,1081,Nordjylland,860,Hjørring,0,0,0,0,0,1,0,0,0,1,0,0,0,8601813,0,0,0,0,0,0,0,0,0,0,0
8601803,,Hirtshals,0,1081,Nordjylland,860,Hjørring,0,0,0,0,0,1,0,0,0,1,0,0,0,8601803,0,0,0,0,0,0,0,0,0,0,0
8601802,,Herregårdsparken,0,1081,Nordjylland,860,Hjørring,0,0,0,0,0,1,0,0,0,1,0,0,0,8601802,0,0,0,0,0,0,0,0,0,0,0
8601801,,Emmersbæk,0,1081,Nordjylland,860,Hjørring,0,0,0,0,0,1,0,0,0,1,0,0,0,8601801,0,0,0,0,0,0,0,0,0,0,0
8601741,,Østerbjerg,0,1084,Hovedstaden,260,Halsnæs,0,0,0,0,0,1,0,0,1,0,1,0,0,8601741,0,0,0,0,0,0,0,0,0,0,0
8601739,,Ølsted,0,1084,Hovedstaden,260,Halsnæs,0,0,0,0,0,1,0,0,1,0,1,0,0,8601739,0,0,0,0,0,0,0,0,0,0,0
8601737,,Vibehus,0,1084,Hovedstaden,260,Halsnæs,0,0,0,0,0,1,0,0,1,0,1,0,0,8601737,0,0,0,0,0,0,0,0,0,0,0
8601733,,Skævinge,0,1084,Hovedstaden,219,Hillerød,0,0,0,0,0,1,0,0,1,0,1,0,0,8601733,0,0,0,0,0,0,0,0,0,0,0
8601729,,Melby,0,1084,Hovedstaden,260,Halsnæs,0,0,0,0,0,1,0,0,1,0,1,0,0,8601729,0,0,0,0,0,0,0,0,0,0,0
8601725,,Lille Kregme,0,1084,Hovedstaden,260,Halsnæs,0,0,0,0,0,1,0,0,1,0,1,0,0,8601725,0,0,0,0,0,0,0,0,0,0,0
8601723,,Kregme,0,1084,Hovedstaden,260,Halsnæs,0,0,0,0,0,1,0,0,1,0,1,0,0,8601723,0,0,0,0,0,0,0,0,0,0,0
8601722,,Hundested Havn,0,1084,Hovedstaden,260,Halsnæs,0,0,0,0,0,1,0,0,1,0,1,0,0,8601722,0,0,0,0,0,0,0,0,0,0,0
8601721,,Hundested,0,1084,Hovedstaden,260,Halsnæs,0,0,0,0,0,1,0,0,1,0,1,0,0,8601721,0,0,0,0,0,0,0,0,0,0,0
8601715,,Hanehoved,0,1084,Hovedstaden,260,Halsnæs,0,0,0,0,0,1,0,0,1,0,1,0,0,8601715,0,0,0,0,0,0,0,0,0,0,0
8601713,,Gørløse,0,1084,Hovedstaden,219,Hillerød,0,0,0,0,0,1,0,0,1,0,1,0,0,8601713,0,0,0,0,0,0,0,0,0,0,0
8601711,,Grimstrup,0,1084,Hovedstaden,260,Halsnæs,0,0,0,0,0,1,0,0,1,0,1,0,0,8601711,0,0,0,0,0,0,0,0,0,0,0
8601709,,Frederiksværk,0,1084,Hovedstaden,260,Halsnæs,0,0,0,0,0,1,0,0,1,0,1,0,0,8601709,0,0,0,0,0,0,0,0,0,0,0
8601707,,Dyssekilde,0,1084,Hovedstaden,260,Halsnæs,0,0,0,0,0,1,0,0,1,0,1,0,0,8601707,0,0,0,0,0,0,0,0,0,0,0
8601705,,Brødeskov,0,1084,Hovedstaden,219,Hillerød,0,0,0,0,0,1,0,0,1,0,1,0,0,8601705,0,0,0,0,0,0,0,0,0,0,0
8601633,,Ålsgårde,0,1084,Hovedstaden,217,Helsingør,0,0,0,0,0,1,0,0,1,0,1,0,0,8601633,0,0,0,0,0,0,0,0,0,0,0
8601631,,Søborg (Gilleleje),0,1084,Hovedstaden,270,Gribskov,0,0,0,0,0,1,0,0,1,0,1,0,0,8601631,0,0,0,0,0,0,0,0,0,0,0
8601630,,Stæremosen,0,1084,Hovedstaden,270,Gribskov,0,0,0,0,0,1,0,0,1,0,1,0,0,8601630,0,0,0,0,0,0,0,0,0,0,0
8601627,,Skibstrup,0,1084,Hovedstaden,217,Helsingør,0,0,0,0,0,1,0,0,1,0,1,0,0,8601627,0,0,0,0,0,0,0,0,0,0,0
8601625,,Saunte,0,1084,Hovedstaden,217,Helsingør,0,0,0,0,0,1,0,0,1,0,1,0,0,8601625,0,0,0,0,0,0,0,0,0,0,0
8601623,,Marienlyst,0,1084,Hovedstaden,217,Helsingør,0,0,0,0,0,1,0,0,1,0,1,0,0,8601623,0,0,0,0,0,0,0,0,0,0,0
8601621,,Kildekrog,0,1084,Hovedstaden,217,Helsingør,0,0,0,0,0,1,0,0,1,0,1,0,0,8601621,0,0,0,0,0,0,0,0,0,0,0
8601620,,Karinebæk,0,1084,Hovedstaden,217,Helsingør,0,0,0,0,0,1,0,0,1,0,1,0,0,8601620,0,0,0,0,0,0,0,0,0,0,0
8601617,,Højstrup,0,1084,Hovedstaden,217,Helsingør,0,0,0,0,0,1,0,0,1,0,1,0,0,8601617,0,0,0,0,0,0,0,0,0,0,0
8601615,,Horneby Sand,0,1084,Hovedstaden,217,Helsingør,0,0,0,0,0,1,0,0,1,0,1,0,0,8601615,0,0,0,0,0,0,0,0,0,0,0
8601613,,Hornbæk,0,1084,Hovedstaden,217,Helsingør,0,0,0,0,0,1,0,0,1,0,1,0,0,8601613,0,0,0,0,0,0,0,0,0,0,0
8601607,,Hellebæk,0,1084,Hovedstaden,217,Helsingør,0,0,0,0,0,1,0,0,1,0,1,0,0,8601607,0,0,0,0,0,0,0,0,0,0,0
8601606,,Grønnehave (Helsingør),0,1084,Hovedstaden,217,Helsingør,0,0,0,0,0,1,0,0,1,0,1,0,0,8601606,0,0,0,0,0,0,0,0,0,0,0
8601604,,Gilleleje Øst,0,1084,Hovedstaden,270,Gribskov,0,0,0,0,0,1,0,0,1,0,1,0,0,8601604,0,0,0,0,0,0,0,0,0,0,0
8601603,,Firhøj (Gilleleje),0,1084,Hovedstaden,270,Gribskov,0,0,0,0,0,1,0,0,1,0,1,0,0,8601603,0,0,0,0,0,0,0,0,0,0,0
8601601,,Dronningmølle,0,1084,Hovedstaden,270,Gribskov,0,0,0,0,0,1,0,0,1,0,1,0,0,8601601,0,0,0,0,0,0,0,0,0,0,0
8601528,,Øllegårdsvej,0,1082,Midtjylland,751,Aarhus,0,0,0,0,0,0,1,0,0,0,0,0,0,8601528,0,0,0,1608601528,0,0,0,0,0,0,0
8601526,,Vilhelmsborg,0,1082,Midtjylland,751,Aarhus,0,0,0,0,0,0,1,0,0,1,0,0,0,8601526,0,0,0,1608601526,0,0,0,0,0,0,0
8601523,,Tranbjerg,0,1082,Midtjylland,751,Aarhus,0,0,0,0,0,0,1,0,0,1,0,0,0,8601523,0,0,0,1608601523,0,0,0,0,0,0,0
8601522,,Fude Havvej,0,1082,Midtjylland,727,Odder,0,0,0,0,0,1,0,0,1,0,1,0,0,8601522,0,0,0,0,0,0,0,0,0,0,0
8601521,,Rosenhøj,0,1082,Midtjylland,751,Aarhus,0,0,0,0,0,0,1,0,0,1,0,0,0,8601521,0,0,0,1608601521,0,0,0,0,0,0,0
8601520,,Parkvej,0,1082,Midtjylland,727,Odder,0,0,0,0,0,1,0,0,1,0,1,0,0,8601520,0,0,0,1608601520,0,0,0,0,0,0,0
8601519,,Odder,0,1082,Midtjylland,727,Odder,0,0,0,0,0,1,0,0,1,0,1,0,0,8601519,0,0,0,1608601519,0,0,0,0,0,0,0
8601515,,Mårslet,0,1082,Midtjylland,751,Aarhus,0,0,0,0,0,0,1,0,0,1,0,0,0,8601515,0,0,0,1608601515,0,0,0,0,0,0,0
8601514,,Mølleparken,0,1082,Midtjylland,751,Aarhus,0,0,0,0,0,0,1,0,0,1,0,0,0,8601514,0,0,0,1608601514,0,0,0,0,0,0,0
8601513,,Malling,0,1082,Midtjylland,751,Aarhus,0,0,0,0,0,0,1,0,0,1,0,0,0,8601513,0,0,0,1608601513,0,0,0,0,0,0,0
8601512,,Kongsvang,0,1082,Midtjylland,751,Aarhus,0,0,0,0,0,0,1,0,0,1,0,0,0,8601512,0,0,0,1608601512,0,0,0,0,0,0,0
8601510,,Nørrevænget,0,1082,Midtjylland,751,Aarhus,0,0,0,0,0,0,1,0,0,1,0,0,0,8601510,0,0,0,1608601510,0,0,0,0,0,0,0
8601509,,G. Clausensvej,0,1082,Midtjylland,751,Aarhus,0,0,0,0,0,0,1,0,0,1,0,0,0,8601509,0,0,0,1608601509,0,0,0,0,0,0,0
8601507,,Egelund,0,1082,Midtjylland,751,Aarhus,0,0,0,0,0,0,1,0,0,1,0,0,0,8601507,0,0,0,1608601507,0,0,0,0,0,0,0
8601503,,Beder,0,1082,Midtjylland,751,Aarhus,0,0,0,0,0,0,1,0,0,1,0,0,0,8601503,0,0,0,1608601503,0,0,0,0,0,0,0
8601501,,Assedrup,0,1082,Midtjylland,727,Odder,0,0,0,0,0,1,0,0,1,0,1,0,0,8601501,0,0,0,1608601501,0,0,0,0,0,0,0
8601443,,Ørby,0,1084,Hovedstaden,270,Gribskov,0,0,0,0,0,1,0,0,1,0,1,0,0,8601443,0,0,0,0,0,0,0,0,0,0,0
8601439,,Vejby,0,1084,Hovedstaden,270,Gribskov,0,0,0,0,0,1,0,0,1,0,1,0,0,8601439,0,0,0,0,0,0,0,0,0,0,0
8601437,,Tisvildeleje,0,1084,Hovedstaden,270,Gribskov,0,0,0,0,0,1,0,0,1,0,1,0,0,8601437,0,0,0,0,0,0,0,0,0,0,0
8601433,,Slotspavillonen,0,1084,Hovedstaden,219,Hillerød,0,0,0,0,0,1,0,0,1,0,1,0,0,8601433,0,0,0,0,0,0,0,0,0,0,0
8601431,,Saltrup,0,1084,Hovedstaden,270,Gribskov,0,0,0,0,0,1,0,0,1,0,1,0,0,8601431,0,0,0,0,0,0,0,0,0,0,0
8601429,,Pårup,0,1084,Hovedstaden,270,Gribskov,0,0,0,0,0,1,0,0,1,0,1,0,0,8601429,0,0,0,0,0,0,0,0,0,0,0
8601428,,Græsted Syd,0,1084,Hovedstaden,270,Gribskov,0,0,0,0,0,1,0,0,1,0,1,0,0,8601428,0,0,0,0,0,0,0,0,0,0,0
8601427,,Mårum (Græsted-Gilleleje),0,1084,Hovedstaden,270,Gribskov,0,0,0,0,0,1,0,0,1,0,1,0,0,8601427,0,0,0,0,0,0,0,0,0,0,0
8601425,,Laugø,0,1084,Hovedstaden,270,Gribskov,0,0,0,0,0,1,0,0,1,0,1,0,0,8601425,0,0,0,0,0,0,0,0,0,0,0
8601421,,Kagerup (Hillerød),0,1084,Hovedstaden,270,Gribskov,0,0,0,0,0,1,0,0,1,0,1,0,0,8601421,0,0,0,0,0,0,0,0,0,0,0
8601417,,Holløse,0,1084,Hovedstaden,270,Gribskov,0,0,0,0,0,1,0,0,1,0,1,0,0,8601417,0,0,0,0,0,0,0,0,0,0,0
8601411,,Helsinge,0,1084,Hovedstaden,270,Gribskov,0,0,0,0,0,1,0,0,1,0,1,0,0,8601411,0,0,0,0,0,0,0,0,0,0,0
8601409,,Græsted,0,1084,Hovedstaden,270,Gribskov,0,0,0,0,0,1,0,0,1,0,1,0,0,8601409,0,0,0,0,0,0,0,0,0,0,0
8601407,,Gribsø,0,1084,Hovedstaden,219,Hillerød,0,0,0,0,0,1,0,0,1,0,1,0,0,8601407,0,0,0,0,0,0,0,0,0,0,0
8601405,,Godhavn,0,1084,Hovedstaden,270,Gribskov,0,0,0,0,0,1,0,0,1,0,1,0,0,8601405,0,0,0,0,0,0,0,0,0,0,0
8601403,,Gilleleje,0,1084,Hovedstaden,270,Gribskov,0,0,0,0,0,1,0,0,1,0,1,0,0,8601403,0,0,0,0,0,0,0,0,0,0,0
8601402,,Fjellenstrup,0,1084,Hovedstaden,270,Gribskov,0,0,0,0,0,1,0,0,1,0,1,0,0,8601402,0,0,0,0,0,0,0,0,0,0,0
8601401,,Duemose,0,1084,Hovedstaden,270,Gribskov,0,0,0,0,0,1,0,0,1,0,1,0,0,8601401,0,0,0,0,0,0,0,0,0,0,0
8601053,,Tokkerup,0,1085,Sjælland,320,Faxe,0,0,0,0,0,1,0,0,0,1,0,0,0,8601053,0,0,0,0,0,0,0,0,0,0,0
8601045,,St. Heddinge,0,1085,Sjælland,336,Stevns,0,0,0,0,0,1,0,0,0,1,0,0,0,8601045,0,0,0,0,0,0,0,0,0,0,0
8601039,,Rødvig,0,1085,Sjælland,336,Stevns,0,0,0,0,0,1,0,0,0,1,0,0,0,8601039,0,0,0,0,0,0,0,0,0,0,0
8601027,,Klippinge,0,1085,Sjælland,336,Stevns,0,0,0,0,0,1,0,0,0,1,0,0,0,8601027,0,0,0,0,0,0,0,0,0,0,0
8601025,,Karise,0,1085,Sjælland,320,Faxe,0,0,0,0,0,1,0,0,0,1,0,0,0,8601025,0,0,0,0,0,0,0,0,0,0,0
8601014,,Faxe Syd,0,1085,Sjælland,320,Faxe,0,0,0,0,0,1,0,0,0,1,0,0,0,8601014,0,0,0,0,0,0,0,0,0,0,0
8601013,,Faxe Ladeplads,0,1085,Sjælland,320,Faxe,0,0,0,0,0,1,0,0,0,1,0,0,0,8601013,0,0,0,0,0,0,0,0,0,0,0
8600956,,Egedal,Egd,1084,Hovedstaden,240,Egedal,0,1,0,0,0,0,0,0,1,0,1,0,0,8600956,0,0,0,0,0,0,0,0,0,0,0
8600955,,Kildedal,Kid,1084,Hovedstaden,151,Ballerup,0,1,0,0,0,0,0,0,1,0,1,0,0,8600955,0,0,0,0,0,0,0,0,0,0,0
8600907,,Varpelev,0,1085,Sjælland,336,Stevns,0,0,0,0,0,1,0,0,1,0,0,0,0,8600907,0,0,0,0,0,0,0,0,0,0,0
8600906,,Lille Linde,0,1085,Sjælland,336,Stevns,0,0,0,0,0,1,0,0,1,0,0,0,0,8601037,0,0,0,0,0,0,0,0,0,0,0
8600905,,Hårlev,0,1085,Sjælland,336,Stevns,0,0,0,0,0,1,0,0,1,0,0,0,0,8600905,0,0,0,0,0,0,0,0,0,0,0
8600904,,Himlingøje,0,1085,Sjælland,336,Stevns,0,0,0,0,0,1,0,0,1,0,0,0,0,8600904,0,0,0,0,0,0,0,0,0,0,0
8600903,,Grubberholm,0,1085,Sjælland,336,Stevns,0,0,0,0,0,1,0,0,1,0,0,0,0,8600903,0,0,0,0,0,0,0,0,0,0,0
8600902,,Vallø,0,1085,Sjælland,336,Stevns,0,0,0,0,0,1,0,0,1,0,0,0,0,8600902,0,0,0,0,0,0,0,0,0,0,0
8600901,,Egøje,0,1085,Sjælland,259,Køge,0,0,0,0,0,1,0,0,1,0,0,0,0,8600901,0,0,0,0,0,0,0,0,0,0,0
8600858,8600858,Københavns Lufthavn,Cph,1084,Hovedstaden,185,Tårnby,1,0,1,0,1,0,0,0,1,0,1,0,0,8600858,0,0,0,0,0,0,0,0,0,0,0
8600857,,Tårnby,Tåt,1084,Hovedstaden,185,Tårnby,0,0,1,0,0,0,0,0,1,0,1,0,0,8600857,0,0,0,0,0,0,0,0,0,0,0
8600856,8600856,Ørestad,Øre,1084,Hovedstaden,101,København,0,0,1,0,1,0,0,0,1,0,1,0,0,8600856,0,0,0,0,0,0,0,0,0,0,0
8600852,,Udland via Helsingør-Helsingborg overfart,0,0,0,0,0,0,0,1,0,0,0,0,1,1,0,1,0,0,8600852,0,0,0,0,0,0,0,0,0,0,0
8600851,,Udland via Øresundsforbindelsen,0,0,0,0,0,1,0,1,0,0,0,0,1,1,0,1,0,0,8600851,0,0,0,0,0,0,0,0,0,0,0
8600841,,Udland via Rødby-Puttgarden overfart,0,0,0,0,0,1,0,0,0,0,0,0,1,1,0,0,0,0,8600841,0,0,0,0,0,0,0,0,0,0,0
8600840,,Rødby Færge,Rf,1085,Sjælland,360,Lolland,1,0,0,0,0,0,0,0,1,0,0,0,0,8600840,0,0,0,0,0,0,0,0,0,0,0
8600824,,Nykøbing F,Nf,1085,Sjælland,376,Guldborgsund,1,0,0,0,0,1,0,0,1,0,0,0,0,8600824,0,0,0,0,1208600824,0,0,0,0,0,0
8600822,,Eskilstrup,Ek,1085,Sjælland,376,Guldborgsund,1,0,0,0,0,0,0,0,1,0,0,0,0,8600822,0,0,0,0,0,0,0,0,0,0,0
8600821,,Nørre Alslev,Nv,1085,Sjælland,376,Guldborgsund,1,0,0,0,0,0,0,0,1,0,0,0,0,8600821,0,0,0,0,0,0,0,0,0,0,0
8600819,,Orehoved,0,1085,Sjælland,376,Guldborgsund,1,0,0,0,0,0,0,0,1,0,0,1,0,0,0,0,0,0,0,0,0,0,0,0,0
8600816,,Vordingborg,Vo,1085,Sjælland,390,Vordingborg,1,0,0,0,0,0,0,0,1,0,0,0,0,8600816,0,0,0,0,0,0,0,0,0,0,0
8600814,,Lundby,Lu,1085,Sjælland,390,Vordingborg,1,0,0,0,0,0,0,0,1,0,0,0,0,8600814,0,0,0,0,0,0,0,0,0,0,0
8600810,,Næstved,Næ,1085,Sjælland,370,Næstved,1,0,0,0,0,0,0,0,1,0,0,0,0,8600810,1008600810,0,0,0,0,0,0,0,0,0,0
8600809,,Holme-Olstrup,Ol,1085,Sjælland,370,Næstved,1,0,0,0,0,0,0,0,1,0,0,0,0,8600809,0,0,0,0,0,0,0,0,0,0,0
8600807,,Haslev,Hz,1085,Sjælland,320,Faxe,1,0,0,0,0,0,0,0,1,0,0,0,0,8600807,0,0,0,0,0,0,0,0,0,0,0
8600806,,Tureby,Th,1085,Sjælland,259,Køge,1,0,0,0,0,0,0,0,1,0,0,0,0,8600806,0,0,0,0,0,0,0,0,0,0,0
8600805,,Herfølge,Hf,1085,Sjælland,259,Køge,1,0,0,0,0,0,0,0,1,0,0,0,0,8600805,0,0,0,0,0,0,0,0,0,0,0
8600804,,Vigerslev Allé,Vgt,1084,Hovedstaden,101,København,0,1,0,0,0,0,0,0,1,0,1,0,0,8600804,0,0,0,0,0,0,0,0,0,0,0
8600803,,Køge,Kj,1085,Sjælland,259,Køge,1,1,0,0,0,1,0,0,1,0,1,0,0,8600803,0,1108600803,0,0,1208600803,0,0,0,0,0,0
8600802,,Lille Skensved,Lw,1085,Sjælland,269,Solrød,1,0,0,0,0,0,0,0,1,0,0,0,0,8600802,0,0,0,0,0,0,0,0,0,0,0
8600801,,Havdrup,Hd,1085,Sjælland,265,Roskilde,1,0,0,0,0,0,0,0,1,0,0,0,0,8600801,0,0,0,0,0,0,0,0,0,0,0
8600800,,Gadstrup,Gt,1085,Sjælland,265,Roskilde,1,0,0,0,0,0,0,0,1,0,0,0,0,8600800,0,0,0,0,0,0,0,0,0,0,0
8600798,,Høje Taastrup,Htå,1084,Hovedstaden,169,Høje-Taastrup,1,1,0,0,0,0,0,0,1,0,1,0,0,8600798,0,1108600798,0,0,0,0,0,0,0,0,0
8600794,,Roskilde Festivalplads,ROF,1085,Sjælland,265,Roskilde,0,0,0,0,0,1,0,0,1,0,1,0,0,0,0,0,0,0,0,0,0,0,0,0,0
8600793,,Næstved Nord,Næn,1085,Sjælland,370,Næstved,1,0,0,0,0,0,0,0,1,0,0,0,0,8600793,0,0,0,0,0,0,0,0,0,0,0
8600792,,Ølby,Ølb,1085,Sjælland,259,Køge,1,1,0,0,0,0,0,0,1,0,1,0,0,8600792,0,1108600792,0,0,0,0,0,0,0,0,0
8600791,,Jersie,Jsi,1085,Sjælland,269,Solrød,0,1,0,0,0,0,0,0,1,0,1,0,0,8600791,0,0,0,0,0,0,0,0,0,0,0
8600790,,Solrød Strand,Sol,1085,Sjælland,269,Solrød,0,1,0,0,0,0,0,0,1,0,1,0,0,8600790,0,0,0,0,0,0,0,0,0,0,0
8600783,,Ny Ellebjerg,Nel,1084,Hovedstaden,101,København,1,1,0,0,0,0,0,0,1,0,1,0,0,8600783,1008600783,1108600783,0,0,0,0,0,0,0,0,0
8600781,,Kildebakke,Ket,1084,Hovedstaden,159,Gladsaxe,0,1,0,0,0,0,0,0,1,0,1,0,0,8600781,0,0,0,0,0,0,0,0,0,0,0
8600780,,Dyssegård,Dyt,1084,Hovedstaden,157,Gentofte,0,1,0,0,0,0,0,0,1,0,1,0,0,8600780,0,0,0,0,0,0,0,0,0,0,0
8600779,,Mørdrup,MØT,1084,Hovedstaden,260,Helsingør,0,0,0,0,0,1,0,0,1,0,1,0,0,0,0,0,0,0,0,0,0,0,0,0,0
8600778,,Langerød,LRT,1084,Hovedstaden,210,Fredensborg,0,0,0,0,0,1,0,0,1,0,1,0,0,0,0,0,0,0,0,0,0,0,0,0,0
8600777,,Grønholt,GRT,1084,Hovedstaden,210,Fredensborg,0,0,0,0,0,1,0,0,1,0,1,0,0,0,0,0,0,0,0,0,0,0,0,0,0
8600773,,Glumsø,Gz,1085,Sjælland,370,Næstved,1,0,0,0,0,0,0,0,1,0,0,0,0,8600773,0,0,0,0,0,0,0,0,0,0,0
8600771,,Karlslunde,Klu,1085,Sjælland,253,Greve,0,1,0,0,0,0,0,0,1,0,1,0,0,8600771,0,0,0,0,0,0,0,0,0,0,0
8600770,,Greve,Gre,1085,Sjælland,253,Greve,0,1,0,0,0,0,0,0,1,0,1,0,0,8600770,0,0,0,0,0,0,0,0,0,0,0
8600769,,Hundige,Und,1085,Sjælland,253,Greve,0,1,0,0,0,0,0,0,1,0,1,0,0,8600769,0,0,0,0,0,0,0,0,0,0,0
8600768,,Ishøj,Ih,1084,Hovedstaden,183,Ishøj,0,1,0,0,0,0,1,0,1,0,1,0,0,8600768,0,0,0,8606156,0,0,0,0,0,0,0
8600767,,Vallensbæk,Vlb,1084,Hovedstaden,187,Vallensbæk,0,1,0,0,0,0,1,0,1,0,1,0,0,8600767,0,0,0,8606153,0,0,0,0,0,0,0
8600766,,Brøndby Strand,Bsa,1084,Hovedstaden,153,Brøndby,0,1,0,0,0,0,0,0,1,0,1,0,0,8600766,0,0,0,0,0,0,0,0,0,0,0
8600765,,Avedøre,Avø,1084,Hovedstaden,167,Hvidovre,0,1,0,0,0,0,0,0,1,0,1,0,0,8600765,0,0,0,0,0,0,0,0,0,0,0
8600764,,Friheden,Frh,1084,Hovedstaden,167,Hvidovre,0,1,0,0,0,0,0,0,1,0,1,0,0,8600764,0,0,0,0,0,0,0,0,0,0,0
8600763,,Åmarken,Åm,1084,Hovedstaden,167,Hvidovre,0,1,0,0,0,0,0,0,1,0,1,0,0,8600763,0,0,0,0,0,0,0,0,0,0,0
8600761,,Sjælør,Sjæ,1084,Hovedstaden,101,København,0,1,0,0,0,0,0,0,1,0,1,0,0,8600761,0,0,0,0,0,0,0,0,0,0,0
8600760,,Sydhavn,Syv,1084,Hovedstaden,101,København,0,1,0,0,0,0,0,0,1,0,1,0,0,8600760,0,0,0,0,0,0,0,0,0,0,0
8600756,,Malmparken,Mpt,1084,Hovedstaden,151,Ballerup,0,1,0,0,0,0,0,0,1,0,1,0,0,8600756,0,0,0,0,0,0,0,0,0,0,0
8600755,,Trekroner,Trk,1085,Sjælland,265,Roskilde,1,0,0,0,0,0,0,0,1,0,1,0,0,8600755,0,0,0,0,0,0,0,0,0,0,0
8600742,,Danshøj,Dah,1084,Hovedstaden,101,København,0,1,0,0,0,0,0,0,1,0,1,0,0,8600742,0,1108600742,0,0,0,0,0,0,0,0,0
8600741,,Ålholm,Ålm,1084,Hovedstaden,101,København,0,1,0,0,0,0,0,0,1,0,1,0,0,8600741,0,0,0,0,0,0,0,0,0,0,0
8600740,,KB Hallen,Kbn,1084,Hovedstaden,101,København,0,1,0,0,0,0,0,0,1,0,1,0,0,8600740,0,0,0,0,0,0,0,0,0,0,0
8600739,,Bispebjerg,Bit,1084,Hovedstaden,101,København,0,1,0,0,0,0,0,0,1,0,1,0,0,8600739,0,0,0,0,0,0,0,0,0,0,0
8600736,8600736,Flintholm,Fl,1084,Hovedstaden,147,Frederiksberg,0,1,0,0,1,0,0,0,1,0,1,0,0,8600736,0,1108600736,0,0,0,0,0,0,0,0,0
8600734,,Jyllingevej,Jyt,1084,Hovedstaden,101,København,0,1,0,0,0,0,0,0,1,0,1,0,0,8600734,0,0,0,0,0,0,0,0,0,0,0
8600727,,Kalundborg,Kb,1085,Sjælland,326,Kalundborg,1,0,0,0,0,0,0,0,1,0,0,0,0,8600727,0,0,0,0,0,0,0,0,0,0,0
8600724,,Svebølle,Se,1085,Sjælland,326,Kalundborg,1,0,0,0,0,0,0,0,1,0,0,0,0,8600724,0,0,0,0,0,0,0,0,0,0,0
8600723,,Jyderup,Jy,1085,Sjælland,316,Holbæk,1,0,0,0,0,0,0,0,1,0,0,0,0,8600723,0,0,0,0,0,0,0,0,0,0,0
8600722,,Mørkøv,Mø,1085,Sjælland,316,Holbæk,1,0,0,0,0,0,0,0,1,0,0,0,0,8600722,0,0,0,0,0,0,0,0,0,0,0
8600721,,Knabstrup,Ks,1085,Sjælland,316,Holbæk,1,0,0,0,0,0,0,0,1,0,0,0,0,8600721,0,0,0,0,0,0,0,0,0,0,0
8600720,,Regstrup,Rt,1085,Sjælland,316,Holbæk,1,0,0,0,0,0,0,0,1,0,0,0,0,8600720,0,0,0,0,0,0,0,0,0,0,0
8600719,,Holbæk,Hk,1085,Sjælland,316,Holbæk,1,0,0,0,0,1,0,0,1,0,0,0,0,8600719,1218600719,0,0,0,1208600719,0,0,0,0,0,0
8600718,,Vipperød,Pe,1085,Sjælland,316,Holbæk,1,0,0,0,0,0,0,0,1,0,0,0,0,8600718,0,0,0,0,1208600718,0,0,0,0,0,0
8600717,,Tølløse,Tø,1085,Sjælland,316,Holbæk,1,0,0,0,0,1,0,0,1,0,0,0,0,8600717,0,0,0,0,1208600717,0,0,0,0,0,0
8600716,,Hvalsø,Hv,1085,Sjælland,350,Lejre,1,0,0,0,0,0,0,0,1,0,0,0,0,8600716,0,0,0,0,0,0,0,0,0,0,0
8600715,,Lejre,Lj,1085,Sjælland,350,Lejre,1,0,0,0,0,0,0,0,1,0,0,0,0,8600715,0,0,0,0,0,0,0,0,0,0,0
8600714,,Frederikssund,Fs,1084,Hovedstaden,250,Frederikssund,0,1,0,0,0,0,0,0,1,0,1,0,0,8600714,0,0,0,0,0,0,0,0,0,0,0
8600712,,Ølstykke,Øl,1084,Hovedstaden,240,Egedal,0,1,0,0,0,0,0,0,1,0,1,0,0,8600712,0,0,0,0,0,0,0,0,0,0,0
8600711,,Stenløse,St,1084,Hovedstaden,240,Egedal,0,1,0,0,0,0,0,0,1,0,1,0,0,8600711,0,0,0,0,0,0,0,0,0,0,0
8600710,,Veksø,Vs,1084,Hovedstaden,240,Egedal,0,1,0,0,0,0,0,0,1,0,1,0,0,8600710,0,0,0,0,0,0,0,0,0,0,0
8600709,,Måløv,Mw,1084,Hovedstaden,151,Ballerup,0,1,0,0,0,0,0,0,1,0,1,0,0,8600709,0,0,0,0,0,0,0,0,0,0,0
8600708,,Ballerup,Ba,1084,Hovedstaden,151,Ballerup,0,1,0,0,0,0,0,0,1,0,1,0,0,8600708,0,0,0,0,0,0,0,0,0,0,0
8600707,,Skovlunde,Sko,1084,Hovedstaden,151,Ballerup,0,1,0,0,0,0,0,0,1,0,1,0,0,8600707,0,0,0,0,0,0,0,0,0,0,0
8600706,,Herlev,Her,1084,Hovedstaden,163,Herlev,0,1,0,0,0,0,1,0,1,0,1,0,0,8600706,0,0,0,8606144,0,0,0,0,0,0,0
8600705,,Husum,Hut,1084,Hovedstaden,101,København,0,1,0,0,0,0,0,0,1,0,1,0,0,8600705,0,0,0,0,0,0,0,0,0,0,0
8600704,,Islev,Ist,1084,Hovedstaden,101,København,0,1,0,0,0,0,0,0,1,0,1,0,0,8600704,0,0,0,0,0,0,0,0,0,0,0
8600703,8600703,Vanløse,Van,1084,Hovedstaden,101,København,0,1,0,0,1,0,0,0,1,0,1,0,0,8600703,0,0,0,0,0,0,0,0,0,0,0
8600702,,Peter Bangs Vej,Pbt,1084,Hovedstaden,147,Frederiksberg,0,1,0,0,0,0,0,0,1,0,1,0,0,8600702,0,0,0,0,0,0,0,0,0,0,0
8600701,,Langgade,Vat,1084,Hovedstaden,101,København,0,1,0,0,0,0,0,0,1,0,1,0,0,8600701,0,0,0,0,0,0,0,0,0,0,0
8600696,,Farum,Fm,1084,Hovedstaden,190,Furesø,0,1,0,0,0,0,0,0,1,0,1,0,0,8600696,0,0,0,0,0,0,0,0,0,0,0
8600695,,Værløse,Vær,1084,Hovedstaden,190,Furesø,0,1,0,0,0,0,0,0,1,0,1,0,0,8600695,0,0,0,0,0,0,0,0,0,0,0
8600694,,Hareskov,Har,1084,Hovedstaden,190,Furesø,0,1,0,0,0,0,0,0,1,0,1,0,0,8600694,0,0,0,0,0,0,0,0,0,0,0
8600693,,Skovbrynet,Skt,1084,Hovedstaden,159,Gladsaxe,0,1,0,0,0,0,0,0,1,0,1,0,0,8600693,0,0,0,0,0,0,0,0,0,0,0
8600692,,Bagsværd,Bav,1084,Hovedstaden,159,Gladsaxe,0,1,0,0,0,0,0,0,1,0,1,0,0,8600692,0,0,0,0,0,0,0,0,0,0,0
8600691,,Stengården,Sgt,1084,Hovedstaden,159,Gladsaxe,0,1,0,0,0,0,0,0,1,0,1,0,0,8600691,0,0,0,0,0,0,0,0,0,0,0
8600690,,Buddinge,Bud,1084,Hovedstaden,159,Gladsaxe,0,1,0,0,0,0,1,0,1,0,1,0,0,8600690,0,0,0,8606137,0,0,0,0,0,0,0
8600689,,Vangede,Ang,1084,Hovedstaden,157,Gentofte,0,1,0,0,0,0,0,0,1,0,1,0,0,8600689,0,0,0,0,0,0,0,0,0,0,0
8600688,,Emdrup,Emt,1084,Hovedstaden,101,København,0,1,0,0,0,0,0,0,1,0,1,0,0,8600688,0,0,0,0,0,0,0,0,0,0,0
8600686,,Kvistgård,KÅ,1084,Hovedstaden,217,Helsingør,0,0,0,0,0,1,0,0,1,0,1,0,0,0,0,0,0,0,0,0,0,0,0,0,0
8600685,,Fredensborg,FD,1084,Hovedstaden,210,Fredensborg,0,0,0,0,0,1,0,0,1,0,1,0,0,0,0,0,0,0,0,0,0,0,0,0,0
8600684,,Kratbjerg,0,1084,Hovedstaden,210,Fredensborg,0,0,0,0,0,1,0,0,1,0,1,0,0,0,0,0,0,0,0,0,0,0,0,0,0
8600683,,Hillerød,Hi,1084,Hovedstaden,219,Hillerød,0,1,0,0,0,1,0,0,1,0,1,0,0,8600683,1208600683,1218600683,0,0,1228600683,0,0,0,0,0,0
8600681,,Allerød,Li,1084,Hovedstaden,201,Allerød,0,1,0,0,0,0,0,0,1,0,1,0,0,8600681,0,0,0,0,0,0,0,0,0,0,0
8600680,,Rødovre,Rdo,1084,Hovedstaden,175,Rødovre,0,1,0,0,0,0,0,0,1,0,1,0,0,8600680,0,0,0,0,0,0,0,0,0,0,0
8600679,,Brøndbyøster,Bøt,1084,Hovedstaden,153,Brøndby,0,1,0,0,0,0,0,0,1,0,1,0,0,8600679,0,0,0,0,0,0,0,0,0,0,0
8600678,,Birkerød,Bi,1084,Hovedstaden,230,Rudersdal,0,1,0,0,0,0,0,0,1,0,1,0,0,8600678,0,0,0,0,0,0,0,0,0,0,0
8600677,,Holte,Hot,1084,Hovedstaden,230,Rudersdal,0,1,0,0,0,0,0,0,1,0,1,0,0,8600677,0,0,0,0,0,0,0,0,0,0,0
8600676,,Virum,Vir,1084,Hovedstaden,173,Lyngby-Taarbæk,0,1,0,0,0,0,0,0,1,0,1,0,0,8600676,0,0,0,0,0,0,0,0,0,0,0
8600675,,Lyngby,Ly,1084,Hovedstaden,173,Lyngby-Taarbæk,0,1,0,0,0,0,1,0,1,0,1,0,0,8600675,0,0,0,8606135,0,0,0,0,0,0,0
8600674,,Jægersborg,Jæt,1084,Hovedstaden,157,Gentofte,0,1,0,0,0,1,0,0,1,0,1,0,0,8600674,0,0,0,0,1208600674,0,0,0,0,0,0
8600673,,Gentofte,Gj,1084,Hovedstaden,157,Gentofte,0,1,0,0,0,0,0,0,1,0,1,0,0,8600673,0,0,0,0,0,0,0,0,0,0,0
8600672,,Bernstorffsvej,Bft,1084,Hovedstaden,157,Gentofte,0,1,0,0,0,0,0,0,1,0,1,0,0,8600672,0,0,0,0,0,0,0,0,0,0,0
8600669,,Helsingør,Hg,1084,Hovedstaden,217,Helsingør,0,0,1,0,0,1,0,0,1,0,1,0,0,8600669,1208600699,0,0,0,1218600699,0,0,0,0,0,0
8600668,,Snekkersten,Sq,1084,Hovedstaden,217,Helsingør,0,0,1,0,0,0,0,0,1,0,1,0,0,8600668,0,0,0,0,1208600668,0,0,0,0,0,0
8600667,,Espergærde,Gæ,1084,Hovedstaden,217,Helsingør,0,0,1,0,0,0,0,0,1,0,1,0,0,8600667,0,0,0,0,0,0,0,0,0,0,0
8600666,,Humlebæk,Hum,1084,Hovedstaden,210,Fredensborg,0,0,1,0,0,0,0,0,1,0,1,0,0,8600666,0,0,0,0,0,0,0,0,0,0,0
8600665,,Nivå,Ni,1084,Hovedstaden,210,Fredensborg,0,0,1,0,0,0,0,0,1,0,1,0,0,8600665,0,0,0,0,0,0,0,0,0,0,0
8600664,,Kokkedal,Ok,1084,Hovedstaden,223,Hørsholm,0,0,1,0,0,0,0,0,1,0,1,0,0,8600664,0,0,0,0,0,0,0,0,0,0,0
8600663,,Rungsted Kyst,Ru,1084,Hovedstaden,223,Hørsholm,0,0,1,0,0,0,0,0,1,0,1,0,0,8600663,0,0,0,0,0,0,0,0,0,0,0
8600662,,Vedbæk,Vb,1084,Hovedstaden,230,Rudersdal,0,0,1,0,0,0,0,0,1,0,1,0,0,8600662,0,0,0,0,0,0,0,0,0,0,0
8600661,,Skodsborg,Så,1084,Hovedstaden,230,Rudersdal,0,0,1,0,0,0,0,0,1,0,1,0,0,8600661,0,0,0,0,0,0,0,0,0,0,0
8600659,,Klampenborg,Kl,1084,Hovedstaden,157,Gentofte,0,1,1,0,0,0,0,0,1,0,1,0,0,8600659,0,1108600659,0,0,0,0,0,0,0,0,0
8600658,,Ordrup,Op,1084,Hovedstaden,157,Gentofte,0,1,0,0,0,0,0,0,1,0,1,0,0,8600658,0,0,0,0,0,0,0,0,0,0,0
8600657,,Charlottenlund,Ch,1084,Hovedstaden,157,Gentofte,0,1,0,0,0,0,0,0,1,0,1,0,0,8600657,0,0,0,0,0,0,0,0,0,0,0
8600655,8600655,Hellerup,Hl,1084,Hovedstaden,101,København,0,1,1,0,0,0,0,0,1,0,1,0,0,8600655,1108600655,1118600655,0,0,0,0,0,0,0,0,0
8600654,,Svanemøllen,Sam,1084,Hovedstaden,101,København,0,1,0,0,0,0,0,0,1,0,1,0,0,8600654,0,0,0,0,0,0,0,0,0,0,0
8600653,,Nordhavn,Nht,1084,Hovedstaden,101,København,0,1,0,0,1,0,0,0,1,0,1,0,0,8600653,0,0,8603438,0,0,0,0,0,0,0,0
8600650,8600650,Østerport,Kk,1084,Hovedstaden,101,København,1,1,1,0,1,0,0,0,1,0,1,0,0,8600650,0,1108600650,8603426,0,0,0,0,0,0,0,0
8600646,8600646,Nørreport,Kn,1084,Hovedstaden,101,København,1,1,1,0,1,0,0,0,1,0,1,0,0,8600646,0,1108600646,0,0,0,0,0,0,0,0,0
8600645,,Vesterport,Vpt,1084,Hovedstaden,101,København,0,1,0,0,0,0,0,0,1,0,1,0,0,8600645,0,0,0,0,0,0,0,0,0,0,0
8600644,,Ryparken,Ryt,1084,Hovedstaden,101,København,0,1,0,0,0,0,0,0,1,0,1,0,0,8600644,0,1108600644,0,0,0,0,0,0,0,0,0
8600642,8600642,Nørrebro,Nø,1084,Hovedstaden,101,København,0,1,0,0,1,0,0,0,1,0,1,0,0,8600642,0,0,8603431,0,0,0,0,0,0,0,0
8600641,,Grøndal,Ght,1084,Hovedstaden,101,København,0,1,0,0,0,0,0,0,1,0,1,0,0,8600641,0,0,0,0,0,0,0,0,0,0,0
8600640,,Fuglebakken,Fut,1084,Hovedstaden,147,Frederiksberg,0,1,0,0,0,0,0,0,1,0,1,0,0,8600640,0,0,0,0,0,0,0,0,0,0,0
8600636,,Sorgenfri,Sft,1084,Hovedstaden,173,Lyngby-Taarbæk,0,1,0,0,0,0,0,0,1,0,1,0,0,8600636,0,0,0,0,0,0,0,0,0,0,0
8600634,,Dybbølsbro,Dbt,1084,Hovedstaden,101,København,0,1,0,0,0,0,0,0,1,0,1,0,0,8600634,0,0,0,0,0,0,0,0,0,0,0
8600631,,Carlsberg,Cb,1084,Hovedstaden,101,København,0,1,0,0,0,0,0,0,1,0,1,0,0,8600631,0,0,0,0,0,0,0,0,0,0,0
8600626,8600626,København H,Kh,1084,Hovedstaden,101,København,1,1,1,0,1,0,0,0,1,0,1,0,0,8600626,0,1108600626,8603421,0,0,0,0,0,0,0,0
8600625,,Enghave,Av,1084,Hovedstaden,101,København,0,1,0,0,0,0,0,0,1,0,1,1,0,8600625,0,0,0,0,0,0,0,0,0,0,0
8600624,,Valby,Val,1084,Hovedstaden,101,København,1,1,0,0,0,0,0,0,1,0,1,0,0,8600624,0,1108600624,0,0,0,0,0,0,0,0,0
8600622,,Glostrup,Gl,1084,Hovedstaden,161,Glostrup,0,1,0,0,0,0,0,0,1,0,1,0,0,8600622,0,1108600622,0,8606150,0,0,0,0,0,0,0
8600621,,Albertslund,Alb,1084,Hovedstaden,165,Albertslund,0,1,0,0,0,0,0,0,1,0,1,0,0,8600621,0,0,0,0,0,0,0,0,0,0,0
8600620,,Taastrup,Tå,1084,Hovedstaden,169,Høje-Taastrup,0,1,0,0,0,0,0,0,1,0,1,0,0,8600620,0,0,0,0,0,0,0,0,0,0,0
8600619,,Hedehusene,Hh,1084,Hovedstaden,169,Høje-Taastrup,1,0,0,0,0,0,0,0,1,0,1,0,0,8600619,0,0,0,0,0,0,0,0,0,0,0
8600617,,Roskilde,Ro,1085,Sjælland,265,Roskilde,1,0,0,0,0,0,0,0,1,0,1,0,0,8600617,1008600617,0,0,0,0,0,0,0,0,0,0
8600615,,Viby Sjælland,Vy,1085,Sjælland,265,Roskilde,1,0,0,0,0,0,0,0,1,0,0,0,0,8600615,0,0,0,0,0,0,0,0,0,0,0
8600614,,Borup,Bo,1085,Sjælland,259,Køge,1,0,0,0,0,0,0,0,1,0,0,0,0,8600614,0,0,0,0,0,0,0,0,0,0,0
8600611,,Ringsted,Rg,1085,Sjælland,329,Ringsted,1,0,0,0,0,0,0,0,1,0,0,0,0,8600611,0,0,0,0,0,0,0,0,0,0,0
8600608,,Sorø,So,1085,Sjælland,340,Sorø,1,0,0,0,0,0,0,0,1,0,0,0,0,8600608,0,0,0,0,0,0,0,0,0,0,0
8600605,,Slagelse,Sg,1085,Sjælland,330,Slagelse,1,0,0,0,0,1,0,0,1,0,0,0,0,8600605,0,0,0,0,1208600605,0,0,0,0,0,0
8600601,,Korsør,Kø,1085,Sjælland,330,Slagelse,1,0,0,0,0,0,0,0,1,0,0,0,0,8600601,0,0,0,0,0,0,0,0,0,0,0
8600600,,Hvidovre,Hit,1084,Hovedstaden,167,Hvidovre,0,1,0,0,0,0,0,0,1,0,1,0,0,8600600,0,0,0,0,0,0,0,0,0,0,0
8600567,,Stenstrup Syd,Sis,1083,Syddanmark,479,Svendborg,1,0,0,0,0,0,0,0,0,1,0,0,0,8600567,0,0,0,0,0,0,0,0,0,0,0
8600566,,Stenstrup,Sts,1083,Syddanmark,479,Svendborg,1,0,0,0,0,0,0,0,0,1,0,0,0,8600566,0,0,0,0,0,0,0,0,0,0,0
8600565,,Kværndrup,Kvs,1083,Syddanmark,430,Faaborg-Midtfyn,1,0,0,0,0,0,0,0,0,1,0,0,0,8600565,0,0,0,0,0,0,0,0,0,0,0
8600564,,Rudme,Rus,1083,Syddanmark,430,Faaborg-Midtfyn,1,0,0,0,0,0,0,0,0,1,0,0,0,8600564,0,0,0,0,0,0,0,0,0,0,0
8600563,,Ringe,Re,1083,Syddanmark,430,Faaborg-Midtfyn,1,0,0,0,0,0,0,0,0,1,0,0,0,8600563,0,0,0,0,0,0,0,0,0,0,0
8600562,,Pederstrup,Pds,1083,Syddanmark,430,Faaborg-Midtfyn,1,0,0,0,0,0,0,0,0,1,0,0,0,8600562,0,0,0,0,0,0,0,0,0,0,0
8600561,,Årslev,Ås,1083,Syddanmark,430,Faaborg-Midtfyn,1,0,0,0,0,0,0,0,0,1,0,0,0,8600561,0,0,0,0,0,0,0,0,0,0,0
8600560,,Højby,Høs,1083,Syddanmark,461,Odense,1,0,0,0,0,0,0,0,0,1,0,0,0,8600560,0,0,0,0,0,0,0,0,0,0,0
8600559,,Hjallese,Hjs,1083,Syddanmark,461,Odense,1,0,0,0,0,0,1,0,0,1,0,0,0,8600559,0,0,0,8609200,0,0,0,0,0,0,0
8600555,,Svendborg Vest,Svv,1083,Syddanmark,479,Svendborg,1,0,0,0,0,0,0,0,0,1,0,0,0,8600555,0,0,0,0,0,0,0,0,0,0,0
8600551,,Svendborg,Svg,1083,Syddanmark,479,Svendborg,1,0,0,0,0,0,0,0,0,1,0,0,0,8600551,0,0,0,0,0,0,0,0,0,0,0
8600533,,Fruens Bøge,Frs,1083,Syddanmark,461,Odense,1,0,0,0,0,0,0,0,0,1,0,0,0,8600533,0,0,0,0,0,0,0,0,0,0,0
8600526,,Odense Sygehus,Oss,1083,Syddanmark,461,Odense,1,0,0,0,0,0,0,0,0,1,0,0,0,8600526,0,0,0,0,0,0,0,0,0,0,0
8600518,,Nyborg,Ng,1083,Syddanmark,450,Nyborg,1,0,0,0,0,0,0,0,0,1,0,0,0,8600518,0,0,0,0,0,0,0,0,0,0,0
8600515,,Langeskov,Lv,1083,Syddanmark,440,Kerteminde,1,0,0,0,0,0,0,0,0,1,0,0,0,8600515,0,0,0,0,0,0,0,0,0,0,0
8600512,,Odense,Od,1083,Syddanmark,461,Odense,1,0,0,0,0,0,1,0,0,1,0,0,0,8600512,1008600512,0,0,8609218,0,0,0,0,0,0,0
8600511,,Holmstrup,Hp,1083,Syddanmark,461,Odense,1,0,0,0,0,0,0,0,0,1,0,0,0,8600511,0,0,0,0,0,0,0,0,0,0,0
8600509,,Tommerup,Tp,1083,Syddanmark,420,Assens,1,0,0,0,0,0,0,0,0,1,0,0,0,8600509,0,0,0,0,0,0,0,0,0,0,0
8600508,,Skalbjerg,Sc,1083,Syddanmark,420,Assens,1,0,0,0,0,0,0,0,0,1,0,0,0,8600508,0,0,0,0,0,0,0,0,0,0,0
8600507,,Bred,Bd,1083,Syddanmark,420,Assens,1,0,0,0,0,0,0,0,0,1,0,0,0,8600507,0,0,0,0,0,0,0,0,0,0,0
8600506,,Aarup,Ap,1083,Syddanmark,420,Assens,1,0,0,0,0,0,0,0,0,1,0,0,0,8600506,0,0,0,0,0,0,0,0,0,0,0
8600505,,Gelsted,Gd,1083,Syddanmark,410,Middelfart,1,0,0,0,0,0,0,0,0,1,0,0,0,8600505,0,0,0,0,0,0,0,0,0,0,0
8600504,8605958,Ejby,Eb,1083,Syddanmark,410,Middelfart,1,0,0,0,0,0,0,0,0,1,0,0,0,8600504,8605958,0,0,0,0,0,0,0,0,0,0
8600503,,Nørre Aaby,Na,1083,Syddanmark,410,Middelfart,1,0,0,0,0,0,0,0,0,1,0,0,0,8600503,0,0,0,0,0,0,0,0,0,0,0
8600502,,Kauslunde,Ka,1083,Syddanmark,410,Middelfart,1,0,0,0,0,0,0,0,0,1,0,0,0,8600502,0,0,0,0,0,0,0,0,0,0,0
8600501,,Middelfart,Md,1083,Syddanmark,410,Middelfart,1,0,0,0,0,0,0,0,0,1,0,0,0,8600501,0,0,0,0,0,0,0,0,0,0,0
8600436,,Ribe Nørremark,Rbn,1083,Syddanmark,561,Esbjerg,0,0,0,1,0,0,0,0,0,1,0,0,0,8600436,0,0,0,0,0,0,0,0,0,0,0
8600434,,Tønder Nord,Trn,1083,Syddanmark,550,Tønder,0,0,0,1,0,0,0,0,0,1,0,0,0,8600434,0,0,0,0,0,0,0,0,0,0,0
8600432,,Tønder,Tdr,1083,Syddanmark,550,Tønder,0,0,0,1,0,0,0,0,0,1,0,0,0,8600432,0,0,0,0,0,0,0,0,0,0,0
8600431,,Visby,Vis,1083,Syddanmark,550,Tønder,0,0,0,1,0,0,0,0,0,1,0,0,0,8600431,0,0,0,0,0,0,0,0,0,0,0
8600430,,Bredebro,Bw,1083,Syddanmark,550,Tønder,0,0,0,1,0,0,0,0,0,1,0,0,0,8600430,0,0,0,0,0,0,0,0,0,0,0
8600428,,Døstrup Sønderjylland,Ds,1083,Syddanmark,550,Tønder,0,0,0,1,0,0,0,0,0,1,0,0,0,8600428,0,0,0,0,0,0,0,0,0,0,0
8600427,,Skærbæk,Æk,1083,Syddanmark,550,Tønder,0,0,0,1,0,0,0,0,0,1,0,0,0,8600427,0,0,0,0,0,0,0,0,0,0,0
8600426,,Brøns,Brr,1083,Syddanmark,550,Tønder,0,0,0,1,0,0,0,0,0,1,0,0,0,8600426,0,0,0,0,0,0,0,0,0,0,0
8600425,,Rejsby,Rej,1083,Syddanmark,550,Tønder,0,0,0,1,0,0,0,0,0,1,0,0,0,8600425,0,0,0,0,0,0,0,0,0,0,0
8600424,,Hviding,Vd,1083,Syddanmark,561,Esbjerg,0,0,0,1,0,0,0,0,0,1,0,0,0,8600424,0,0,0,0,0,0,0,0,0,0,0
8600423,,Ribe,Rb,1083,Syddanmark,561,Esbjerg,0,0,0,1,0,0,0,0,0,1,0,0,0,8600423,0,0,0,0,0,0,0,0,0,0,0
8600421,,Gredstedbro,Gs,1083,Syddanmark,561,Esbjerg,0,0,0,1,0,0,0,0,0,1,0,0,0,8600421,0,0,0,0,0,0,0,0,0,0,0
8600420,,Sejstrup,Sej,1083,Syddanmark,561,Esbjerg,0,0,0,1,0,0,0,0,0,1,0,0,0,8600420,0,0,0,0,0,0,0,0,0,0,0
8600405,,Udland via Tønder grænse,0,1083,Syddanmark,550,Tønder,0,0,0,1,0,0,0,1,0,1,0,0,0,8600405,0,0,0,0,0,0,0,0,0,0,0
8600404,,Thisted,Ti,1081,Nordjylland,787,Thisted,1,0,0,1,0,0,0,0,0,1,0,0,0,8600404,0,0,0,0,0,0,0,0,0,0,0
8600403,,Sjørring,Ri,1081,Nordjylland,787,Thisted,0,0,0,1,0,0,0,0,0,1,0,0,0,8600403,0,0,0,0,0,0,0,0,0,0,0
8600401,,Snedsted,Sne,1081,Nordjylland,787,Thisted,1,0,0,1,0,0,0,0,0,1,0,0,0,8600401,0,0,0,0,0,0,0,0,0,0,0
8600400,,Hørdum,Hæ,1081,Nordjylland,787,Thisted,0,0,0,1,0,0,0,0,0,1,0,0,0,8600400,0,0,0,0,0,0,0,0,0,0,0
8600398,,Bedsted Thy,Bn,1081,Nordjylland,787,Thisted,1,0,0,1,0,0,0,0,0,1,0,0,0,8600398,0,0,0,0,0,0,0,0,0,0,0
8600397,,Hurup Thy,Ur,1081,Nordjylland,787,Thisted,1,0,0,1,0,0,0,0,0,1,0,0,0,8600397,0,0,0,0,0,0,0,0,0,0,0
8600396,,Ydby,Yd,1081,Nordjylland,787,Thisted,0,0,0,1,0,0,0,0,0,1,0,0,0,8600396,0,0,0,0,0,0,0,0,0,0,0
8600395,,Lyngs,Ln,1082,Midtjylland,671,Struer,0,0,0,1,0,0,0,0,0,1,0,0,0,8600395,0,0,0,0,0,0,0,0,0,0,0
8600394,,Hvidbjerg,Hw,1082,Midtjylland,671,Struer,1,0,0,1,0,0,0,0,0,1,0,0,0,8600394,0,0,0,0,0,0,0,0,0,0,0
8600393,,Uglev,Ul,1082,Midtjylland,671,Struer,0,0,0,1,0,0,0,0,0,1,0,0,0,8600393,0,0,0,0,0,0,0,0,0,0,0
8600392,,Oddesund Nord,No,1082,Midtjylland,671,Struer,0,0,0,1,0,0,0,0,0,1,0,0,0,8600392,0,0,0,0,0,0,0,0,0,0,0
8600390,,Humlum,Um,1082,Midtjylland,671,Struer,0,0,0,1,0,0,0,0,0,1,0,0,0,8600390,0,0,0,0,0,0,0,0,0,0,0
8600327,,Sønderborg,Sdb,1083,Syddanmark,540,Sønderborg,1,0,0,0,0,0,0,0,0,1,0,0,0,8600327,0,0,0,0,0,0,0,0,0,0,0
8600322,,Gråsten,Gst,1083,Syddanmark,540,Sønderborg,1,0,0,0,0,0,0,0,0,1,0,0,0,8600322,0,0,0,0,0,0,0,0,0,0,0
8600318,,Kliplev,Kw,1083,Syddanmark,580,Aabenraa,1,0,0,0,0,0,0,0,0,1,0,0,0,8600318,0,0,0,0,0,0,0,0,0,0,0
8600300,,Aulum,Uu,1082,Midtjylland,657,Herning,1,0,0,0,0,0,0,0,0,1,0,0,0,8600300,0,0,0,0,0,0,0,0,0,0,0
8600298,,Vildbjerg,Id,1082,Midtjylland,657,Herning,1,0,0,0,0,0,0,0,0,1,0,0,0,8600298,0,0,0,0,0,0,0,0,0,0,0
8600291,,Brande,Bb,1082,Midtjylland,756,Ikast-Brande,1,0,0,0,0,0,0,0,0,1,0,0,0,8600291,0,0,0,0,0,0,0,0,0,0,0
8600290,,Thyregod,Thy,1083,Syddanmark,630,Vejle,1,0,0,0,0,0,0,0,0,1,0,0,0,8600290,0,0,0,0,0,0,0,0,0,0,0
8600289,,Give,Gw,1083,Syddanmark,630,Vejle,1,0,0,0,0,0,0,0,0,1,0,0,0,8600289,0,0,0,0,0,0,0,0,0,0,0
8600285,,Jelling,Jl,1083,Syddanmark,630,Vejle,1,0,0,0,0,0,0,0,0,1,0,0,0,8600285,0,0,0,0,0,0,0,0,0,0,0
8600281,,Vejle Sygehus,Vjs,1083,Syddanmark,630,Vejle,1,0,0,0,0,0,0,0,0,1,0,0,0,8600281,0,0,0,0,0,0,0,0,0,0,0
8600280,,Borris,Bs,1082,Midtjylland,760,Ringkøbing-Skjern,0,0,0,1,0,0,0,0,0,1,0,0,0,8600280,0,0,0,0,0,0,0,0,0,0,0
8600279,,Troldhede,Td,1082,Midtjylland,760,Ringkøbing-Skjern,0,0,0,1,0,0,0,0,0,1,0,0,0,8600279,0,0,0,0,0,0,0,0,0,0,0
8600278,,Kibæk,Kæ,1082,Midtjylland,657,Herning,0,0,0,1,0,0,0,0,0,1,0,0,0,8600278,0,0,0,0,0,0,0,0,0,0,0
8600277,,Studsgård,Stu,1082,Midtjylland,657,Herning,0,0,0,1,0,0,0,0,0,1,0,0,0,8600277,0,0,0,0,0,0,0,0,0,0,0
8600276,,Herning Messecenter,Hrm,1082,Midtjylland,657,Herning,0,0,0,1,0,0,0,0,0,1,0,0,0,8600276,0,0,0,0,0,0,0,0,0,0,0
8600275,,Herning,Hr,1082,Midtjylland,657,Herning,1,0,0,1,0,0,0,0,0,1,0,0,0,8600275,1008600275,0,0,0,0,0,0,0,0,0,0
8600274,,Hammerum,Hu,1082,Midtjylland,657,Herning,0,0,0,1,0,0,0,0,0,1,0,0,0,8600274,0,0,0,0,0,0,0,0,0,0,0
8600273,,Ikast,Ik,1082,Midtjylland,756,Ikast-Brande,0,0,0,1,0,0,0,0,0,1,0,0,0,8600273,0,0,0,0,0,0,0,0,0,0,0
8600271,,Bording,Bg,1082,Midtjylland,756,Ikast-Brande,0,0,0,1,0,0,0,0,0,1,0,0,0,8600271,0,0,0,0,0,0,0,0,0,0,0
8600270,,Engesvang,Ev,1082,Midtjylland,756,Ikast-Brande,0,0,0,1,0,0,0,0,0,1,0,0,0,8600270,0,0,0,0,0,0,0,0,0,0,0
8600269,,Birk Centerpark,Bic,1082,Midtjylland,657,Herning,0,0,0,1,0,0,0,0,0,1,0,0,0,8600269,0,0,0,0,0,0,0,0,0,0,0
8600266,,Silkeborg,Sl,1082,Midtjylland,740,Silkeborg,0,0,0,1,0,0,0,0,0,1,0,0,0,8600266,0,0,0,0,0,0,0,0,0,0,0
8600264,,Svejbæk,Sv,1082,Midtjylland,740,Silkeborg,0,0,0,1,0,0,0,0,0,1,0,0,0,8600264,0,0,0,0,0,0,0,0,0,0,0
8600263,,Laven,La,1082,Midtjylland,740,Silkeborg,0,0,0,1,0,0,0,0,0,1,0,0,0,8600263,0,0,0,0,0,0,0,0,0,0,0
8600261,,Ry,Ry,1082,Midtjylland,746,Skanderborg,0,0,0,1,0,0,0,0,0,1,0,0,0,8600261,0,0,0,0,0,0,0,0,0,0,0
8600260,,Alken,Ak,1082,Midtjylland,746,Skanderborg,0,0,0,1,0,0,0,0,0,1,0,0,0,8600260,0,0,0,0,0,0,0,0,0,0,0
8600249,,Varde Kaserne,Vka,1083,Syddanmark,573,Varde,0,0,0,1,0,0,0,0,0,1,0,0,0,8600249,0,0,0,0,0,0,0,0,0,0,0
8600228,,Gjesing,Gje,1083,Syddanmark,561,Esbjerg,0,0,0,1,0,0,0,0,0,1,0,0,0,8600228,0,0,0,0,0,0,0,0,0,0,0
8600227,,Spangsbjerg,Spa,1083,Syddanmark,561,Esbjerg,0,0,0,1,0,0,0,0,0,1,0,0,0,8600227,0,0,0,0,0,0,0,0,0,0,0
8600223,,Vejen,Vn,1083,Syddanmark,575,Vejen,1,0,0,0,0,0,0,0,0,1,0,0,0,8600223,0,0,0,0,0,0,0,0,0,0,0
8600222,,Brørup,Bp,1083,Syddanmark,575,Vejen,1,0,0,0,0,0,0,0,0,1,0,0,0,8600222,0,0,0,0,0,0,0,0,0,0,0
8600221,,Holsted,Hq,1083,Syddanmark,575,Vejen,1,0,0,0,0,0,0,0,0,1,0,0,0,8600221,0,0,0,0,0,0,0,0,0,0,0
8600220,,Gørding,Gø,1083,Syddanmark,561,Esbjerg,1,0,0,0,0,0,0,0,0,1,0,0,0,8600220,0,0,0,0,0,0,0,0,0,0,0
8600219,,Bramming,Bm,1083,Syddanmark,561,Esbjerg,1,0,0,1,0,0,0,0,0,1,0,0,0,8600219,0,0,0,0,0,0,0,0,0,0,0
8600218,,Tjæreborg,Tb,1083,Syddanmark,561,Esbjerg,0,0,0,1,0,0,0,0,0,1,0,0,0,8600218,0,0,0,0,0,0,0,0,0,0,0
8600215,,Esbjerg,Es,1083,Syddanmark,561,Esbjerg,1,0,0,1,0,0,0,0,0,1,0,0,0,8600215,1008600215,0,0,0,0,0,0,0,0,0,0
8600214,,Guldager,Gu,1083,Syddanmark,561,Esbjerg,0,0,0,1,0,0,0,0,0,1,0,0,0,8600214,0,0,0,0,0,0,0,0,0,0,0
8600213,,Varde Nord,Vno,1083,Syddanmark,573,Varde,0,0,0,1,0,0,0,0,0,1,0,0,0,8600213,0,0,0,0,0,0,0,0,0,0,0
8600212,,Varde,Va,1083,Syddanmark,573,Varde,0,0,0,1,0,1,0,0,0,1,0,0,0,8600212,0,0,0,0,1208600212,0,0,0,0,0,0
8600211,,Sig,Is,1083,Syddanmark,573,Varde,0,0,0,1,0,0,0,0,0,1,0,0,0,8600211,0,0,0,0,0,0,0,0,0,0,0
8600210,,Tistrup,Tr,1083,Syddanmark,573,Varde,0,0,0,1,0,0,0,0,0,1,0,0,0,8600210,0,0,0,0,0,0,0,0,0,0,0
8600209,,Gårde,Gå,1083,Syddanmark,573,Varde,0,0,0,1,0,0,0,0,0,1,0,0,0,8600209,0,0,0,0,0,0,0,0,0,0,0
8600208,,Ølgod,Øg,1083,Syddanmark,573,Varde,0,0,0,1,0,0,0,0,0,1,0,0,0,8600208,0,0,0,0,0,0,0,0,0,0,0
8600206,,Tarm,Ta,1082,Midtjylland,760,Ringkøbing-Skjern,0,0,0,1,0,0,0,0,0,1,0,0,0,8600206,0,0,0,0,0,0,0,0,0,0,0
8600205,,Skjern,Sj,1082,Midtjylland,760,Ringkøbing-Skjern,0,0,0,1,0,0,0,0,0,1,0,0,0,8600205,0,0,0,0,0,0,0,0,0,0,0
8600203,,Lem,Lm,1082,Midtjylland,760,Ringkøbing-Skjern,0,0,0,1,0,0,0,0,0,1,0,0,0,8600203,0,0,0,0,0,0,0,0,0,0,0
8600200,,Ringkøbing,Rj,1082,Midtjylland,760,Ringkøbing-Skjern,0,0,0,1,0,0,0,0,0,1,0,0,0,8600200,0,0,0,0,0,0,0,0,0,0,0
8600199,,Hee,He,1082,Midtjylland,760,Ringkøbing-Skjern,0,0,0,1,0,0,0,0,0,1,0,0,0,8600199,0,0,0,0,0,0,0,0,0,0,0
8600198,,Tim,Tm,1082,Midtjylland,760,Ringkøbing-Skjern,0,0,0,1,0,0,0,0,0,1,0,0,0,8600198,0,0,0,0,0,0,0,0,0,0,0
8600197,,Ulfborg,Uf,1082,Midtjylland,661,Holstebro,0,0,0,1,0,0,0,0,0,1,0,0,0,8600197,0,0,0,0,0,0,0,0,0,0,0
8600196,,Vemb,Vem,1082,Midtjylland,661,Holstebro,0,0,0,1,0,1,0,0,0,1,0,0,0,8600196,0,0,0,0,1208600196,0,0,0,0,0,0
8600195,,Bur,Bu,1082,Midtjylland,661,Holstebro,0,0,0,1,0,0,0,0,0,1,0,0,0,8600195,0,0,0,0,0,0,0,0,0,0,0
8600192,,Holstebro,Ho,1082,Midtjylland,661,Holstebro,1,0,0,1,0,0,0,0,0,1,0,0,0,8600192,0,0,0,0,0,0,0,0,0,0,0
8600191,,Hjerm,Hm,1082,Midtjylland,671,Struer,1,0,0,1,0,0,0,0,0,1,0,0,0,8600191,0,0,0,0,0,0,0,0,0,0,0
8600189,,Struer,Str,1082,Midtjylland,671,Struer,1,0,0,1,0,0,0,0,0,1,0,0,0,8600189,0,0,0,0,0,0,0,0,0,0,0
8600187,,Vinderup,Vp,1082,Midtjylland,661,Holstebro,0,0,0,1,0,0,0,0,0,1,0,0,0,8600187,0,0,0,0,0,0,0,0,0,0,0
8600183,,Skive,Sk,1082,Midtjylland,779,Skive,0,0,0,1,0,0,0,0,0,1,0,0,0,8600183,0,0,0,0,0,0,0,0,0,0,0
8600182,,Højslev,Hø,1082,Midtjylland,779,Skive,0,0,0,1,0,0,0,0,0,1,0,0,0,8600182,0,0,0,0,0,0,0,0,0,0,0
8600180,,Stoholm,Sm,1082,Midtjylland,791,Viborg,0,0,0,1,0,0,0,0,0,1,0,0,0,8600180,0,0,0,0,0,0,0,0,0,0,0
8600176,,Viborg,Vg,1082,Midtjylland,791,Viborg,0,0,0,1,0,0,0,0,0,1,0,0,0,8600176,0,0,0,0,0,0,0,0,0,0,0
8600174,,Rødkærsbro,Rk,1082,Midtjylland,791,Viborg,0,0,0,1,0,0,0,0,0,1,0,0,0,8600174,0,0,0,0,0,0,0,0,0,0,0
8600172,,Bjerringbro,Bj,1082,Midtjylland,791,Viborg,0,0,0,1,0,0,0,0,0,1,0,0,0,8600172,0,0,0,0,0,0,0,0,0,0,0
8600171,,Ulstrup,Up,1082,Midtjylland,710,Favrskov,0,0,0,1,0,0,0,0,0,1,0,0,0,8600171,0,0,0,0,0,0,0,0,0,0,0
8600165,,Grenaa,Gr,1082,Midtjylland,707,Norddjurs,1,0,0,0,0,0,0,0,0,1,0,0,0,8600165,0,0,0,1608600165,0,0,0,0,0,0,0
8600164,,Hovmarken,Lpt,1082,Midtjylland,751,Aarhus,0,0,0,0,0,0,1,0,0,1,0,0,0,8600164,0,0,0,1608600164,0,0,0,0,0,0,0
8600162,,Trustrup,Tu,1082,Midtjylland,707,Norddjurs,1,0,0,0,0,0,0,0,0,1,0,0,0,8600162,0,0,0,1608600162,0,0,0,0,0,0,0
8600160,,Kolind,Ko,1082,Midtjylland,706,Syddjurs,1,0,0,0,0,0,0,0,0,1,0,0,0,8600160,0,0,0,1608600160,0,0,0,0,0,0,0
8600159,,Ryomgård,Rå,1082,Midtjylland,706,Syddjurs,1,0,0,0,0,0,0,0,0,1,0,0,0,8600159,0,0,0,1608600159,0,0,0,0,0,0,0
8600157,,Mørke,Mr,1082,Midtjylland,706,Syddjurs,1,0,0,0,0,0,0,0,0,1,0,0,0,8600157,0,0,0,1608600157,0,0,0,0,0,0,0
8600156,,Hornslet,Os,1082,Midtjylland,706,Syddjurs,1,0,0,0,0,0,0,0,0,1,0,0,0,8600156,0,0,0,1608600156,0,0,0,0,0,0,0
8600155,,Løgten,Lt,1082,Midtjylland,751,Aarhus,0,0,0,0,0,0,1,0,0,1,0,0,0,8600155,0,0,0,1608600155,0,0,0,0,0,0,0
8600154,,Skødstrup,Øds,1082,Midtjylland,751,Aarhus,0,0,0,0,0,0,1,0,0,1,0,0,0,8600154,0,0,0,1608600154,0,0,0,0,0,0,0
8600153,,Hjortshøj,Ht,1082,Midtjylland,751,Aarhus,0,0,0,0,0,0,1,0,0,1,0,0,0,8600153,0,0,0,1608600153,0,0,0,0,0,0,0
8600152,,Lystrup,Lp,1082,Midtjylland,751,Aarhus,0,0,0,0,0,0,1,0,0,1,0,0,0,8600152,0,0,0,1608600152,0,0,0,0,0,0,0
8600151,,Torsøvej,Tov,1082,Midtjylland,751,Aarhus,0,0,0,0,0,0,1,0,0,1,0,0,0,8600151,0,0,0,1608600151,0,0,0,0,0,0,0
8600149,,Vestre Strandallé,Vsa,1082,Midtjylland,751,Aarhus,0,0,0,0,0,0,1,0,0,1,0,0,0,8600149,0,0,0,1608600149,0,0,0,0,0,0,0
8600148,,Østbanetorvet,Øs,1082,Midtjylland,751,Aarhus,0,0,0,0,0,0,1,0,0,1,0,0,0,8600148,0,0,0,1608600148,0,0,0,0,0,0,0
8600129,,Skolebakken,Bak,1082,Midtjylland,751,Aarhus,0,0,0,0,0,0,1,0,0,1,0,0,0,8600129,0,0,0,1608600129,0,0,0,0,0,0,0
8600117,,Aalborg Vestby,Abv,1081,Nordjylland,851,Aalborg,1,0,0,0,0,0,0,0,0,1,0,0,0,8600117,0,0,0,0,0,0,0,0,0,0,0
8600116,,Lindholm,Lih,1081,Nordjylland,851,Aalborg,1,0,0,0,0,0,0,0,0,1,0,0,0,8600116,0,0,0,0,0,0,0,0,0,0,0
8600101,,Udland via Padborg grænse,0,1083,Syddanmark,580,Aabenraa,1,0,0,0,0,0,0,1,0,1,0,0,0,8600101,0,0,0,0,0,0,0,0,0,0,0
8600100,,Padborg,Pa,1083,Syddanmark,580,Aabenraa,1,0,0,0,0,0,0,0,0,1,0,0,0,8600100,0,0,0,0,0,0,0,0,0,0,0
8600097,,Tinglev,Te,1083,Syddanmark,580,Aabenraa,1,0,0,0,0,0,0,0,0,1,0,0,0,8600097,0,0,0,0,0,0,0,0,0,0,0
8600094,,Rødekro,Rq,1083,Syddanmark,580,Aabenraa,1,0,0,0,0,0,0,0,0,1,0,0,0,8600094,0,0,0,0,0,0,0,0,0,0,0
8600091,,Vojens,Oj,1083,Syddanmark,510,Haderslev,1,0,0,0,0,0,0,0,0,1,0,0,0,8600091,0,0,0,0,0,0,0,0,0,0,0
8600087,,Vamdrup,Vm,1083,Syddanmark,621,Kolding,1,0,0,0,0,0,0,0,0,1,0,0,0,8600087,0,0,0,0,0,0,0,0,0,0,0
8600086,,Lunderskov,Lk,1083,Syddanmark,621,Kolding,1,0,0,0,0,0,0,0,0,1,0,0,0,8600086,0,0,0,0,0,0,0,0,0,0,0
8600083,,Kolding,Kd,1083,Syddanmark,621,Kolding,1,0,0,0,0,0,0,0,0,1,0,0,0,8600083,0,0,0,0,0,0,0,0,0,0,0
8600081,,Taulov,Tl,1083,Syddanmark,607,Fredericia,1,0,0,0,0,0,0,0,0,1,0,0,0,8600081,0,0,0,0,0,0,0,0,0,0,0
8600079,,Fredericia,Fa,1083,Syddanmark,607,Fredericia,1,0,0,0,0,0,0,0,0,1,0,0,0,8600079,0,0,0,0,0,0,0,0,0,0,0
8600077,,Børkop,Bk,1083,Syddanmark,630,Vejle,1,0,0,0,0,0,0,0,0,1,0,0,0,8600077,0,0,0,0,0,0,0,0,0,0,0
8600076,,Brejning,Bet,1083,Syddanmark,630,Vejle,1,0,0,0,0,0,0,0,0,1,0,0,0,8600076,0,0,0,0,0,0,0,0,0,0,0
8600073,,Vejle,Vj,1083,Syddanmark,630,Vejle,1,0,0,0,0,0,0,0,0,1,0,0,0,8600073,0,0,0,0,0,0,0,0,0,0,0
8600071,,Hedensted,Hed,1082,Midtjylland,766,Hedensted,1,0,0,0,0,0,0,0,0,1,0,0,0,8600071,0,0,0,0,0,0,0,0,0,0,0
8600066,,Horsens,Hs,1082,Midtjylland,615,Horsens,1,0,0,0,0,0,0,0,0,1,0,0,0,8600066,0,0,0,0,0,0,0,0,0,0,0
8600061,,Skanderborg,Sd,1082,Midtjylland,746,Skanderborg,1,0,0,1,0,0,0,0,0,1,0,0,0,8600061,1008600061,0,0,0,0,0,0,0,0,0,0
8600059,,Hørning,Hx,1082,Midtjylland,746,Skanderborg,0,0,0,1,0,0,0,0,0,1,0,0,0,8600059,0,0,0,0,0,0,0,0,0,0,0
8600054,,Viby Jylland,Vi,1082,Midtjylland,751,Aarhus,1,0,0,1,0,0,1,0,0,1,0,0,0,8600054,0,0,0,1608600054,0,0,0,0,0,0,0
8600053,,Aarhus H,Ar,1082,Midtjylland,751,Aarhus,1,0,0,1,0,0,1,0,0,1,0,0,0,8600053,0,0,0,1608600053,1208600053,0,0,0,0,0,0
8600048,,Hinnerup,Hn,1082,Midtjylland,710,Favrskov,1,0,0,1,0,0,0,0,0,1,0,0,0,8600048,0,0,0,0,0,0,0,0,0,0,0
8600047,,Hadsten,Ha,1082,Midtjylland,710,Favrskov,1,0,0,1,0,0,0,0,0,1,0,0,0,8600047,0,0,0,0,0,0,0,0,0,0,0
8600044,,Langå,Lg,1082,Midtjylland,730,Randers,1,0,0,1,0,0,0,0,0,1,0,0,0,8600044,0,0,0,0,0,0,0,0,0,0,0
8600040,,Randers,Rd,1082,Midtjylland,730,Randers,1,0,0,0,0,0,0,0,0,1,0,0,0,8600040,0,0,0,0,0,0,0,0,0,0,0
8600032,,Hobro,Hb,1081,Nordjylland,846,Mariagerfjord,1,0,0,0,0,0,0,0,0,1,0,0,0,8600032,0,0,0,0,0,0,0,0,0,0,0
8600029,,Arden,Ad,1081,Nordjylland,846,Mariagerfjord,1,0,0,0,0,0,0,0,0,1,0,0,0,8600029,0,0,0,0,0,0,0,0,0,0,0
8600027,,Skørping,Sø,1081,Nordjylland,840,Rebild,1,0,0,0,0,0,0,0,0,1,0,0,0,8600027,0,0,0,0,0,0,0,0,0,0,0
8600026,,Støvring,Sr,1081,Nordjylland,840,Rebild,1,0,0,0,0,0,0,0,0,1,0,0,0,8600026,0,0,0,0,0,0,0,0,0,0,0
8600023,,Svenstrup,Sn,1081,Nordjylland,851,Aalborg,1,0,0,0,0,0,0,0,0,1,0,0,0,8600023,0,0,0,0,0,0,0,0,0,0,0
8600022,,Skalborg,Og,1081,Nordjylland,851,Aalborg,1,0,0,0,0,0,0,0,0,1,0,0,0,8600022,0,0,0,0,0,0,0,0,0,0,0
8600020,,Aalborg,Ab,1081,Nordjylland,851,Aalborg,1,0,0,0,0,0,0,0,0,1,0,0,0,8600020,0,0,0,0,0,0,0,0,0,0,0
8600015,,Brønderslev,Bl,1081,Nordjylland,810,Brønderslev,1,0,0,0,0,0,0,0,0,1,0,0,0,8600015,0,0,0,0,0,0,0,0,0,0,0
8600013,,Vrå,Vr,1081,Nordjylland,860,Hjørring,1,0,0,0,0,0,0,0,0,1,0,0,0,8600013,0,0,0,0,0,0,0,0,0,0,0
8600009,,Hjørring,Hj,1081,Nordjylland,860,Hjørring,1,0,0,0,0,1,0,0,0,1,0,0,0,8600009,0,0,0,0,1208600009,0,0,0,0,0,0
8600007,,Sindal,Sa,1081,Nordjylland,860,Hjørring,1,0,0,0,0,0,0,0,0,1,0,0,0,8600007,0,0,0,0,0,0,0,0,0,0,0
8600006,,Tolne,To,1081,Nordjylland,860,Hjørring,1,0,0,0,0,0,0,0,0,1,0,0,0,8600006,0,0,0,0,0,0,0,0,0,0,0
8600005,,Kvissel,Kv,1081,Nordjylland,813,Frederikshavn,1,0,0,0,0,0,0,0,0,1,0,0,0,8600005,0,0,0,0,0,0,0,0,0,0,0
8600001,,Frederikshavn,Fh,1081,Nordjylland,813,Frederikshavn,1,0,0,0,0,1,0,0,0,1,0,0,0,8600001,0,0,0,0,1208600001,0,0,0,0,0,0
3,,Hestehaven,0,1083,Syddanmark,461,Odense,0,0,0,0,0,0,1,0,0,1,0,0,1,8609201,0,0,0,0,0,0,0,0,0,0,0
3,,Parkering Odense Syd,0,1083,Syddanmark,461,Odense,0,0,0,0,0,0,1,0,0,1,0,0,1,8609202,0,0,0,0,0,0,0,0,0,0,0
3,,Hospital Syd,0,1083,Syddanmark,461,Odense,0,0,0,0,0,0,1,0,0,1,0,0,1,8609203,0,0,0,0,0,0,0,0,0,0,0
3,,SDU Syd/Hospital Nord,0,1083,Syddanmark,461,Odense,0,0,0,0,0,0,1,0,0,1,0,0,1,8609204,0,0,0,0,0,0,0,0,0,0,0
3,,SDU,0,1083,Syddanmark,461,Odense,0,0,0,0,0,0,1,0,0,1,0,0,1,8609205,0,0,0,0,0,0,0,0,0,0,0
3,,Campus Odense,0,1083,Syddanmark,461,Odense,0,0,0,0,0,0,1,0,0,1,0,0,1,8609206,0,0,0,0,0,0,0,0,0,0,0
3,,Cortex Park,0,1083,Syddanmark,461,Odense,0,0,0,0,0,0,1,0,0,1,0,0,1,8609207,0,0,0,0,0,0,0,0,0,0,0
3,,Bilka,0,1083,Syddanmark,461,Odense,0,0,0,0,0,0,1,0,0,1,0,0,1,8609208,0,0,0,0,0,0,0,0,0,0,0
3,,Ikea,0,1083,Syddanmark,461,Odense,0,0,0,0,0,0,1,0,0,1,0,0,1,8609209,0,0,0,0,0,0,0,0,0,0,0
3,,Rosengårdcentret,0,1083,Syddanmark,461,Odense,0,0,0,0,0,0,1,0,0,1,0,0,1,8609210,0,0,0,0,0,0,0,0,0,0,0
3,,Ejerslykke,0,1083,Syddanmark,461,Odense,0,0,0,0,0,0,1,0,0,1,0,0,1,8609211,0,0,0,0,0,0,0,0,0,0,0
3,,Korsløkke,0,1083,Syddanmark,461,Odense,0,0,0,0,0,0,1,0,0,1,0,0,1,8609212,0,0,0,0,0,0,0,0,0,0,0
3,,Østerbæksvej,0,1083,Syddanmark,461,Odense,0,0,0,0,0,0,1,0,0,1,0,0,1,8609213,0,0,0,0,0,0,0,0,0,0,0
3,,Palnatokesvej,0,1083,Syddanmark,461,Odense,0,0,0,0,0,0,1,0,0,1,0,0,1,8609214,0,0,0,0,0,0,0,0,0,0,0
3,,Benedikts Plads,0,1083,Syddanmark,461,Odense,0,0,0,0,0,0,1,0,0,1,0,0,1,8609215,0,0,0,0,0,0,0,0,0,0,0
3,,Albani Torv,0,1083,Syddanmark,461,Odense,0,0,0,0,0,0,1,0,0,1,0,0,1,8609216,0,0,0,0,0,0,0,0,0,0,0
3,,ODEON,0,1083,Syddanmark,461,Odense,0,0,0,0,0,0,1,0,0,1,0,0,1,8609217,0,0,0,0,0,0,0,0,0,0,0
3,,Kongensgade,0,1083,Syddanmark,461,Odense,0,0,0,0,0,0,1,0,0,1,0,0,1,8609219,0,0,0,0,0,0,0,0,0,0,0
3,,Vestre Stationsvej,0,1083,Syddanmark,461,Odense,0,0,0,0,0,0,1,0,0,1,0,0,1,8609220,0,0,0,0,0,0,0,0,0,0,0
3,,Vesterbro,0,1083,Syddanmark,461,Odense,0,0,0,0,0,0,1,0,0,1,0,0,1,8609221,0,0,0,0,0,0,0,0,0,0,0
3,,Bolbro,0,1083,Syddanmark,461,Odense,0,0,0,0,0,0,1,0,0,1,0,0,1,8609222,0,0,0,0,0,0,0,0,0,0,0
3,,Idrætsparken,0,1083,Syddanmark,461,Odense,0,0,0,0,0,0,1,0,0,1,0,0,1,8609223,0,0,0,0,0,0,0,0,0,0,0
3,,Højstrup,0,1083,Syddanmark,461,Odense,0,0,0,0,0,0,1,0,0,1,0,0,1,8609224,0,0,0,0,0,0,0,0,0,0,0
3,,Tarup Center,0,1083,Syddanmark,461,Odense,0,0,0,0,0,0,1,0,0,1,0,0,1,8609225,0,0,0,0,0,0,0,0,0,0,0
2,,Dokk1,0,1082,Midtjylland,751,Aarhus,0,0,0,0,0,0,1,0,0,1,0,0,0,8600128,0,0,0,0,0,0,0,0,0,0,0
2,,Nehrus Allé,0,1082,Midtjylland,751,Aarhus,0,0,0,0,0,0,1,0,0,1,0,0,0,8606214,0,0,0,0,0,0,0,0,0,0,0
2,,Nye,0,1082,Midtjylland,751,Aarhus,0,0,0,0,0,0,1,0,0,1,0,0,0,8606221,0,0,0,0,0,0,0,0,0,0,0
2,,Vandtårnet (Ringvejen),0,1082,Midtjylland,751,Aarhus,0,0,0,0,0,0,1,0,0,1,0,0,0,8606213,0,0,0,0,0,0,0,0,0,0,0
2,,Stockholmsgade,0,1082,Midtjylland,751,Aarhus,0,0,0,0,0,0,1,0,0,1,0,0,0,8606212,0,0,0,0,0,0,0,0,0,0,0
2,,Stjernepladsen,0,1082,Midtjylland,751,Aarhus,0,0,0,0,0,0,1,0,0,1,0,0,0,8606211,0,0,0,0,0,0,0,0,0,0,0
2,,Aarhus Universitet (Ringgaden),0,1082,Midtjylland,751,Aarhus,0,0,0,0,0,0,1,0,0,1,0,0,0,8606210,0,0,0,0,0,0,0,0,0,0,0
2,,Universitetsparken,0,1082,Midtjylland,751,Aarhus,0,0,0,0,0,0,1,0,0,1,0,0,0,8606209,0,0,0,0,0,0,0,0,0,0,0
2,,Nørreport,0,1082,Midtjylland,751,Aarhus,0,0,0,0,0,0,1,0,0,1,0,0,0,8606204,0,0,0,0,0,0,0,0,0,0,0
2,,Lisbjergskolen,0,1082,Midtjylland,751,Aarhus,0,0,0,0,0,0,1,0,0,1,0,0,0,8606222,0,0,0,0,0,0,0,0,0,0,0
2,,Hessel,0,1082,Midtjylland,751,Aarhus,0,0,0,0,0,0,1,0,0,1,0,0,0,0,0,0,0,0,0,0,0,0,0,0,0
2,,Lisbjerg - Terp,0,1082,Midtjylland,751,Aarhus,0,0,0,0,0,0,1,0,0,1,0,0,0,8606220,0,0,0,0,0,0,0,0,0,0,0
2,,Lisbjerg Bygade,0,1082,Midtjylland,751,Aarhus,0,0,0,0,0,0,1,0,0,1,0,0,0,8606219,0,0,0,0,0,0,0,0,0,0,0
2,,Klokhøjen,0,1082,Midtjylland,751,Aarhus,0,0,0,0,0,0,1,0,0,1,0,0,0,8606218,0,0,0,0,0,0,0,0,0,0,0
2,,Humlehuse,0,1082,Midtjylland,751,Aarhus,0,0,0,0,0,0,1,0,0,1,0,0,0,0,0,0,0,0,0,0,0,0,0,0,0
2,,Gl. Skejby,0,1082,Midtjylland,751,Aarhus,0,0,0,0,0,0,1,0,0,1,0,0,0,8606217,0,0,0,0,0,0,0,0,0,0,0
2,,AU Hospital,0,1082,Midtjylland,751,Aarhus,0,0,0,0,0,0,1,0,0,1,0,0,0,8606216,0,0,0,0,0,0,0,0,0,0,0
2,,Olof Palmes Allé,0,1082,Midtjylland,751,Aarhus,0,0,0,0,0,0,1,0,0,1,0,0,0,8606215,0,0,0,0,0,0,0,0,0,0,0
2,,Thorsager,0,1082,Midtjylland,751,Aarhus,0,0,0,0,0,0,1,0,0,1,0,0,0,0,0,0,0,0,0,0,0,0,0,0,0
1,,v/Lundtofte,0,1084,Hovedstaden,173,Lyngby-Taarbæk,0,0,0,0,0,0,1,0,1,0,1,0,1,8606130,0,0,0,0,0,0,0,0,0,0,0
1,,v/DTU,0,1084,Hovedstaden,173,Lyngby-Taarbæk,0,0,0,0,0,0,1,0,1,0,1,0,1,8606131,0,0,0,0,0,0,0,0,0,0,0
1,,v/Akademivej,0,1084,Hovedstaden,173,Lyngby-Taarbæk,0,0,0,0,0,0,1,0,1,0,1,0,1,8606132,0,0,0,0,0,0,0,0,0,0,0
1,,v/Lyngby centrum,0,1084,Hovedstaden,173,Lyngby-Taarbæk,0,0,0,0,0,0,1,0,1,0,1,0,1,8606134,0,0,0,0,0,0,0,0,0,0,0
1,,v/Lyngbygårdsvej,0,1084,Hovedstaden,173,Lyngby-Taarbæk,0,0,0,0,0,0,1,0,1,0,1,0,1,8606133,0,0,0,0,0,0,0,0,0,0,0
1,,v/Gammelmosevej,0,1084,Hovedstaden,159,Gladsaxe,0,0,0,0,0,0,1,0,1,0,1,0,1,8606136,0,0,0,0,0,0,0,0,0,0,0
1,,v/Buddinge Centret,0,1084,Hovedstaden,159,Gladsaxe,0,0,0,0,0,0,1,0,1,0,1,0,1,8606138,0,0,0,0,0,0,0,0,0,0,0
1,,v/Gladsaxevej,0,1084,Hovedstaden,159,Gladsaxe,0,0,0,0,0,0,1,0,1,0,1,0,1,8606139,0,0,0,0,0,0,0,0,0,0,0
1,,v/Gladsaxe Trafikplads,0,1084,Hovedstaden,159,Gladsaxe,0,0,0,0,0,0,1,0,1,0,1,0,1,8606140,0,0,0,0,0,0,0,0,0,0,0
1,,v/Dynamovej,0,1084,Hovedstaden,159,Gladsaxe,0,0,0,0,0,0,1,0,1,0,1,0,1,8606141,0,0,0,0,0,0,0,0,0,0,0
1,,v/Herlev Hospital,0,1084,Hovedstaden,163,Herlev,0,0,0,0,0,0,1,0,1,0,1,0,1,8606142,0,0,0,0,0,0,0,0,0,0,0
1,,v/Herlev Hovedgade,0,1084,Hovedstaden,163,Herlev,0,0,0,0,0,0,1,0,1,0,1,0,1,8606143,0,0,0,0,0,0,0,0,0,0,0
1,,v/Lyskær,0,1084,Hovedstaden,163,Herlev,0,0,0,0,0,0,1,0,1,0,1,0,1,8606145,0,0,0,0,0,0,0,0,0,0,0
1,,v/Islevbro,0,1084,Hovedstaden,161,Glostrup,0,0,0,0,0,0,1,0,1,0,1,0,1,8606146,0,0,0,0,0,0,0,0,0,0,0
1,,v/Ejbydal,0,1084,Hovedstaden,161,Glostrup,0,0,0,0,0,0,1,0,1,0,1,0,1,8606147,0,0,0,0,0,0,0,0,0,0,0
1,,v/Hersted Industripark,0,1084,Hovedstaden,161,Glostrup,0,0,0,0,0,0,1,0,1,0,1,0,1,8606148,0,0,0,0,0,0,0,0,0,0,0
1,,v/Glostrup Hospital,0,1084,Hovedstaden,161,Glostrup,0,0,0,0,0,0,1,0,1,0,1,0,1,8606149,0,0,0,0,0,0,0,0,0,0,0
1,,v/Park Allé Vest,0,1084,Hovedstaden,153,Brøndby,0,0,0,0,0,0,1,0,1,0,1,0,1,8606151,0,0,0,0,0,0,0,0,0,0,0
1,,v/Vallensbækvej,0,1084,Hovedstaden,153,Brøndby,0,0,0,0,0,0,1,0,1,0,1,0,1,8606152,0,0,0,0,0,0,0,0,0,0,0
1,,v/Bækkeskovvej,0,1084,Hovedstaden,187,Vallensbæk,0,0,0,0,0,0,1,0,1,0,1,0,1,8606154,0,0,0,0,0,0,0,0,0,0,0
1,,v/Vejlebrovej,0,1084,Hovedstaden,183,Ishøj,0,0,0,0,0,0,1,0,1,0,1,0,1,8606155,0,0,0,0,0,0,0,0,0,0,0
